date,day,period,nswprice,nswdemand,vicprice,vicdemand,transfer,class
0.893633,7.0,0.191489,0.050288,0.229694,0.00275,0.252978,0.819737,0
0.008938,2.0,0.510638,0.073616,0.58792,0.003467,0.422915,0.414912,0
0.90704,4.0,0.021277,0.048817,0.411931,0.003328,0.447695,0.35,0
0.026592,5.0,0.659574,0.088567,0.443916,0.003467,0.422915,0.414912,0
0.867793,3.0,0.87234,0.027501,0.413567,0.00124,0.401088,0.657018,0
0.915623,3.0,0.617021,0.054762,0.507438,0.003739,0.585966,0.297807,0
0.880802,3.0,0.489362,0.028492,0.431866,0.001878,0.46116,0.649561,0
0.968895,1.0,0.319149,0.028101,0.296489,0.001666,0.184619,0.774123,0
0.438919,7.0,0.531915,0.048187,0.281464,0.003467,0.422915,0.414912,0
0.442326,7.0,0.106383,0.033776,0.119905,0.003467,0.422915,0.414912,0
0.434052,1.0,0.574468,0.057043,0.533918,0.003467,0.422915,0.414912,0
0.424627,6.0,0.042553,0.056923,0.182237,0.003467,0.422915,0.414912,0
0.005133,7.0,0.191489,0.041942,0.090301,0.003467,0.422915,0.414912,0
0.005309,4.0,0.170213,0.075808,0.21571,0.003467,0.422915,0.414912,0
0.022344,6.0,0.276596,0.044494,0.184469,0.003467,0.422915,0.414912,0
0.903456,7.0,0.680851,0.040831,0.288456,0.002651,0.176334,0.73114,0
0.881421,3.0,0.489362,0.029422,0.504612,0.002071,0.584153,0.292544,0
0.031724,2.0,0.851064,0.055242,0.347516,0.003467,0.422915,0.414912,0
0.451971,3.0,0.106383,0.040891,0.397501,0.002441,0.379078,0.72193,0
0.032034,2.0,0.787234,0.058394,0.198304,0.003467,0.422915,0.414912,0
0.460776,1.0,0.234043,0.027021,0.10235,0.001857,0.09943,0.402632,0
0.031813,4.0,0.0,0.056923,0.164981,0.003467,0.422915,0.414912,0
0.460643,5.0,0.702128,0.036658,0.525736,0.002476,0.47333,0.508333,0
0.443122,5.0,0.93617,0.044134,0.483933,0.002968,0.388918,0.586842,0
0.022698,7.0,0.276596,0.06563,0.104284,0.003467,0.422915,0.414912,0
0.030751,1.0,0.87234,0.074817,0.383814,0.003467,0.422915,0.414912,0
0.460688,6.0,0.06383,0.036268,0.379649,0.002468,0.405489,0.39693,0
0.005442,7.0,0.702128,0.059865,0.403154,0.003467,0.422915,0.414912,0
0.902615,2.0,0.148936,0.050468,0.157691,0.003317,0.263594,0.651316,0
0.424804,3.0,0.595745,0.057644,0.369682,0.003467,0.422915,0.414912,0
0.018495,3.0,0.085106,0.043953,0.265843,0.003467,0.422915,0.414912,0
0.876952,6.0,0.765957,0.028912,0.463701,0.001953,0.409114,0.479825,0
0.434583,6.0,0.170213,0.044314,0.080631,0.003467,0.422915,0.414912,0
0.907482,7.0,0.893617,0.055872,0.329664,0.003695,0.316416,0.602193,0
0.885625,7.0,0.808511,0.060106,0.53734,0.004069,0.479803,0.492105,0
0.473253,4.0,0.191489,0.041972,0.245909,0.00284,0.202745,0.557018,0
0.469935,6.0,0.531915,0.031104,0.659179,0.002833,0.514241,0.239912,0
0.907393,5.0,0.957447,0.044554,0.448081,0.003093,0.398498,0.378509,0
0.031415,2.0,0.404255,0.080972,0.549093,0.003467,0.422915,0.414912,0
0.009424,6.0,0.744681,0.041912,0.643558,0.003467,0.422915,0.414912,0
0.434538,5.0,0.531915,0.045785,0.301547,0.003467,0.422915,0.414912,0
0.46874,7.0,0.765957,0.028432,0.329217,0.001865,0.234852,0.670175,0
0.473917,5.0,0.680851,0.028221,0.577655,0.001855,0.486535,0.584211,0
0.438166,4.0,0.893617,0.053831,0.403303,0.003467,0.422915,0.414912,0
0.464448,7.0,0.042553,0.029723,0.362541,0.002021,0.423874,0.386842,0
0.425733,3.0,0.170213,0.060166,0.158881,0.003467,0.422915,0.414912,0
0.469581,5.0,0.085106,0.0266,0.175543,0.001776,0.26696,0.530702,0
0.451794,6.0,0.510638,0.033626,0.619458,0.002239,0.596064,0.489474,0
0.425424,3.0,0.021277,0.068842,0.29753,0.003467,0.422915,0.414912,0
0.867838,4.0,0.404255,0.028942,0.569027,0.001865,0.591144,0.598246,0
0.907836,1.0,0.638298,0.034076,0.290985,0.002243,0.246504,0.611842,0
0.473696,7.0,0.255319,0.028011,0.249182,0.001797,0.29363,0.841667,0
0.429406,3.0,0.829787,0.058364,0.446742,0.003467,0.422915,0.414912,0
0.881244,6.0,0.191489,0.027261,0.162898,0.000976,0.271621,0.787719,0
0.005265,3.0,0.489362,0.083794,0.55906,0.003467,0.422915,0.414912,0
0.004425,5.0,0.787234,0.050168,0.645641,0.003467,0.422915,0.414912,0
0.438388,2.0,0.914894,0.050829,0.368045,0.003467,0.422915,0.414912,0
0.473652,6.0,0.12766,0.019004,0.151145,0.001265,0.254272,0.750439,0
0.022565,4.0,0.106383,0.043653,0.197263,0.003467,0.422915,0.414912,0
0.911243,2.0,0.787234,0.044314,0.523207,0.00286,0.316675,0.65,0
0.907526,1.0,0.382979,0.042002,0.360458,0.002752,0.197566,0.701754,0
0.455467,6.0,0.255319,0.035457,0.459238,0.002412,0.385293,0.632895,0
0.468873,3.0,0.553191,0.029362,0.474115,0.001959,0.167789,0.675,0
0.473873,4.0,0.957447,0.028522,0.46742,0.001882,0.295961,0.788158,0
0.429804,5.0,0.957447,0.059475,0.441982,0.003467,0.422915,0.414912,0
0.027123,3.0,0.0,0.077939,0.37712,0.003467,0.422915,0.414912,0
0.903633,4.0,0.87234,0.041762,0.437816,0.002856,0.375453,0.408772,0
0.451529,7.0,0.574468,0.038699,0.430229,0.001892,0.393837,0.726316,0
0.473961,6.0,0.595745,0.028642,0.604284,0.001886,0.443811,0.617544,0
0.889739,3.0,0.425532,0.032575,0.65784,0.002273,0.688762,0.221053,0
0.871687,1.0,0.276596,0.025459,0.212288,0.001109,0.148887,0.911842,0
0.424981,7.0,0.851064,0.056923,0.286522,0.003467,0.422915,0.414912,0
0.451086,4.0,0.361702,0.040681,0.673758,0.002653,0.692905,0.425,0
0.986594,5.0,0.340426,0.072535,0.661708,0.00485,0.624029,0.447807,0
0.911774,7.0,0.425532,0.047406,0.433948,0.003103,0.38348,0.673684,0
0.017831,2.0,0.106383,0.060736,0.268373,0.003467,0.422915,0.414912,0
0.442945,1.0,0.446809,0.046205,0.413865,0.003056,0.230192,0.636404,0
0.872572,7.0,0.787234,0.031074,0.362838,0.001631,0.277317,0.869737,0
0.430069,4.0,0.595745,0.070584,0.508182,0.003467,0.422915,0.414912,0
0.464537,2.0,0.93617,0.05311,0.347664,0.00356,0.360953,0.613158,0
0.876289,5.0,0.12766,0.021016,0.156055,0.000841,0.286639,0.857018,0
0.465112,1.0,0.106383,0.028492,0.12407,0.001946,0.236665,0.377193,0
0.429671,2.0,0.978723,0.054251,0.422196,0.003467,0.422915,0.414912,0
0.8985,6.0,0.212766,0.044944,0.261678,0.002931,0.293371,0.710088,0
0.460068,6.0,0.510638,0.030353,0.50238,0.002029,0.489125,0.391228,0
0.027565,6.0,0.595745,0.059265,0.311663,0.003467,0.422915,0.414912,0
0.894208,6.0,0.680851,0.060196,0.593127,0.004086,0.631538,0.432018,0
0.017831,2.0,0.340426,0.06611,0.510711,0.003467,0.422915,0.414912,0
0.889518,5.0,0.595745,0.029302,0.519786,0.002077,0.613931,0.184649,0
0.894828,6.0,0.893617,0.06623,0.703362,0.004408,0.539876,0.601316,0
0.031547,5.0,0.0,0.061577,0.363136,0.003467,0.422915,0.414912,0
0.438963,1.0,0.042553,0.048337,0.217346,0.003467,0.422915,0.414912,0
0.907305,3.0,0.489362,0.107872,0.520232,0.007214,0.672708,0.379825,0
0.42476,2.0,0.914894,0.062838,0.342606,0.003467,0.422915,0.414912,0
0.455511,7.0,0.553191,0.034136,0.440345,0.002106,0.364578,0.726754,0
0.894429,4.0,0.148936,0.038069,0.27834,0.002468,0.37856,0.652193,0
0.00907,5.0,0.234043,0.044554,0.311366,0.003467,0.422915,0.414912,0
0.885226,5.0,0.638298,0.029122,0.497173,0.002021,0.516313,0.291228,0
0.889208,5.0,0.574468,0.028582,0.528712,0.001994,0.540394,0.359649,0
0.47374,1.0,0.808511,0.029122,0.390509,0.001693,0.23796,0.816667,0
0.442281,6.0,0.510638,0.055963,0.396311,0.003467,0.422915,0.414912,0
0.013893,3.0,0.12766,0.061967,0.320887,0.003467,0.422915,0.414912,0
0.00469,4.0,0.212766,0.075627,0.242339,0.003467,0.422915,0.414912,0
0.013583,3.0,0.148936,0.043503,0.233859,0.003467,0.422915,0.414912,0
0.434096,2.0,0.893617,0.049658,0.409699,0.003467,0.422915,0.414912,0
0.898058,3.0,0.638298,0.072775,0.561738,0.004726,0.579751,0.574123,0
0.45613,7.0,0.489362,0.027231,0.441684,0.001645,0.311756,0.763596,0
0.451617,2.0,0.021277,0.03933,0.404939,0.002273,0.411186,0.770175,0
0.977744,3.0,0.595745,0.028942,0.512348,0.002027,0.548162,0.32807,0
0.907172,7.0,0.148936,0.043383,0.160666,0.002833,0.28638,0.677193,0
0.447724,5.0,0.446809,0.045995,0.719726,0.003459,0.647333,0.297807,0
0.893899,6.0,0.297872,0.050228,0.600565,0.003307,0.578975,0.609649,0
0.443078,4.0,0.553191,0.049358,0.510116,0.003336,0.557224,0.389474,0
0.434361,1.0,0.021277,0.044134,0.191312,0.003467,0.422915,0.414912,0
0.871599,6.0,0.617021,0.031734,0.693395,0.002071,0.643708,0.592544,0
0.470023,1.0,0.255319,0.025129,0.164832,0.001697,0.109529,0.65,0
0.425468,4.0,0.851064,0.09265,0.415501,0.003467,0.422915,0.414912,0
0.014159,2.0,0.0,0.045485,0.521273,0.003467,0.422915,0.414912,0
0.438697,2.0,0.340426,0.05305,0.459238,0.003467,0.422915,0.414912,0
0.433786,2.0,0.787234,0.047886,0.446742,0.003467,0.422915,0.414912,0
0.437945,6.0,0.787234,0.048337,0.414162,0.003467,0.422915,0.414912,0
0.022344,6.0,0.042553,0.046445,0.351681,0.003467,0.422915,0.414912,0
0.031592,6.0,0.468085,0.056833,0.34454,0.003467,0.422915,0.414912,0
0.880625,6.0,0.914894,0.035427,0.256918,0.002189,0.216209,0.921491,0
0.03199,1.0,0.085106,0.018344,0.050729,0.003467,0.422915,0.414912,0
0.456573,3.0,0.659574,0.034646,0.525588,0.002343,0.587002,0.500877,0
0.871908,6.0,0.170213,0.035487,0.223148,0.002324,0.262817,0.758333,0
0.867484,3.0,0.191489,0.0263,0.207379,0.001689,0.281201,0.85,0
0.89412,4.0,0.106383,0.071905,0.398393,0.004693,0.494045,0.72193,0
0.871997,1.0,0.914894,0.031914,0.389616,0.001695,0.222424,0.851316,0
0.447724,5.0,0.744681,0.044704,0.848855,0.003024,0.741326,0.247368,0
0.464758,7.0,0.106383,0.027051,0.194436,0.001811,0.24754,0.614474,0
0.907615,3.0,0.617021,0.063468,0.47233,0.004304,0.595805,0.372807,0
0.474404,2.0,1.0,0.035277,0.334871,0.002432,0.223977,0.402193,0
0.885625,7.0,0.340426,0.03945,0.471883,0.002578,0.355256,0.674561,0
0.460953,5.0,0.574468,0.038039,0.506248,0.002644,0.453392,0.391667,0
0.027211,5.0,0.978723,0.080491,0.448974,0.003467,0.422915,0.414912,0
0.434096,2.0,0.0,0.045334,0.359863,0.003467,0.422915,0.414912,0
0.027255,6.0,0.893617,0.083463,0.317316,0.003467,0.422915,0.414912,0
0.014247,4.0,0.0,0.040711,0.489735,0.003467,0.422915,0.414912,0
0.890138,5.0,0.042553,0.075928,0.562481,0.005054,0.562403,0.509211,0
0.465378,7.0,0.425532,0.029572,0.433651,0.002,0.34231,0.60307,0
0.893677,1.0,0.638298,0.038159,0.327581,0.002489,0.362506,0.642982,0
0.889651,1.0,0.340426,0.027561,0.360607,0.001768,0.218281,0.811404,0
0.88943,3.0,0.255319,0.034106,0.369087,0.002243,0.404195,0.626316,0
0.434627,7.0,0.93617,0.045785,0.244421,0.003467,0.422915,0.414912,0
0.465289,5.0,0.170213,0.02687,0.149212,0.001836,0.204557,0.487719,0
0.013937,4.0,0.0,0.067071,0.580928,0.003467,0.422915,0.414912,0
0.872572,7.0,0.234043,0.029633,0.221065,0.000841,0.244433,0.841667,0
0.899164,7.0,0.617021,0.05206,0.306754,0.003365,0.292336,0.708772,0
0.465466,2.0,0.765957,0.031314,0.478132,0.002171,0.375971,0.432018,0
0.903057,5.0,0.12766,0.059805,0.263166,0.003471,0.35448,0.714035,0
0.885138,3.0,0.085106,0.047736,0.338143,0.003139,0.370016,0.606579,0
0.017787,1.0,0.021277,0.045244,0.29515,0.003467,0.422915,0.414912,0
0.008805,6.0,0.510638,0.041732,0.460726,0.003467,0.422915,0.414912,0
0.455998,4.0,0.680851,0.034436,0.504463,0.002333,0.529777,0.409211,0
0.871997,1.0,0.0,0.030743,0.278489,0.001676,0.289746,0.842105,0
0.44237,2.0,0.914894,0.06548,0.357334,0.00479,0.352667,0.500526,0
0.894828,6.0,0.085106,0.075988,0.473073,0.005008,0.514241,0.62807,0
0.473917,5.0,0.191489,0.029993,0.22776,0.002013,0.247022,0.605702,0
0.460909,4.0,1.0,0.038609,0.530794,0.002657,0.419731,0.431579,0
0.455467,6.0,0.659574,0.037378,0.504909,0.002516,0.516054,0.522368,0
0.460334,5.0,0.531915,0.036388,0.484528,0.002543,0.546608,0.140789,0
0.027432,3.0,0.085106,0.049388,0.167807,0.003467,0.422915,0.414912,0
0.881111,3.0,0.851064,0.029512,0.460875,0.002015,0.474625,0.451754,0
0.009513,1.0,0.659574,0.041642,0.52053,0.003467,0.422915,0.414912,0
0.00438,4.0,0.702128,0.045244,0.535109,0.003467,0.422915,0.414912,0
0.01407,7.0,0.638298,0.040651,0.238024,0.003467,0.422915,0.414912,0
0.889872,6.0,0.510638,0.06596,0.63255,0.004612,0.657172,0.273684,0
0.875979,5.0,0.851064,0.027351,0.437221,0.000912,0.419731,0.725439,0
0.000885,1.0,0.06383,0.083884,0.246802,0.003467,0.422915,0.414912,0
0.872041,2.0,0.276596,0.027381,0.511455,0.001753,0.542983,0.609211,0
0.889961,1.0,0.957447,0.028942,0.452693,0.00182,0.352408,0.616228,0
0.45144,5.0,0.297872,0.037619,0.553853,0.002509,0.517349,0.605702,0
0.89381,4.0,0.085106,0.047466,0.409104,0.003081,0.454687,0.582895,0
0.898102,4.0,0.574468,0.066531,0.580036,0.004381,0.598912,0.52193,0
0.469493,3.0,0.93617,0.033716,0.439899,0.002227,0.245469,0.753509,0
0.44706,4.0,0.638298,0.043653,0.540315,0.003031,0.573537,0.401754,0
0.880757,2.0,0.276596,0.029122,0.127789,0.000825,0.117815,0.873246,0
0.473563,1.0,0.106383,0.0266,0.105921,0.001791,0.185914,0.592105,0
0.915712,5.0,0.297872,0.06617,0.497173,0.004574,0.559814,0.283772,0
0.894164,5.0,0.723404,0.066531,0.728206,0.004533,0.700155,0.471053,0
0.455776,6.0,0.255319,0.033566,0.426807,0.002241,0.401346,0.60614,0
0.876156,2.0,0.106383,0.020355,0.106665,0.000837,0.190575,0.812719,0
0.434052,1.0,0.765957,0.049538,0.447635,0.003467,0.422915,0.414912,0
0.455732,5.0,0.148936,0.031464,0.258108,0.002067,0.290264,0.817105,0
0.022433,1.0,0.0,0.047526,0.274323,0.003467,0.422915,0.414912,0
0.442724,3.0,0.234043,0.044584,0.270306,0.002921,0.243656,0.719737,0
0.443078,4.0,0.340426,0.053381,0.569473,0.003583,0.562144,0.429386,0
0.013008,4.0,0.191489,0.048787,0.209164,0.003467,0.422915,0.414912,0
0.464448,7.0,0.191489,0.023808,0.110086,0.001591,0.193164,0.637281,0
0.45998,4.0,0.021277,0.038639,0.477536,0.002655,0.381409,0.398246,0
0.026946,6.0,1.0,0.059265,0.252901,0.003467,0.422915,0.414912,0
0.031724,2.0,0.170213,0.05302,0.090301,0.003467,0.422915,0.414912,0
0.018008,6.0,0.212766,0.066951,0.15055,0.003467,0.422915,0.414912,0
0.474094,2.0,0.829787,0.030023,0.512943,0.002046,0.296479,0.64386,0
0.451175,6.0,0.12766,0.04011,0.31687,0.002648,0.348783,0.658772,0
0.455821,7.0,0.021277,0.049027,0.564267,0.003452,0.443553,0.30614,0
0.893722,2.0,0.680851,0.029633,0.533175,0.002009,0.524599,0.41886,0
0.89412,4.0,0.595745,0.047226,0.574531,0.003214,0.681771,0.419737,0
0.02261,5.0,0.106383,0.067792,0.205742,0.003467,0.422915,0.414912,0
0.894474,5.0,0.212766,0.060136,0.294258,0.002376,0.382444,0.61886,0
0.890182,6.0,0.680851,0.029512,0.615739,0.002069,0.584671,0.452193,0
0.876023,6.0,0.638298,0.02687,0.539869,0.001666,0.470223,0.708772,0
0.017964,5.0,0.638298,0.064639,0.433799,0.003467,0.422915,0.414912,0
0.906863,7.0,0.255319,0.027321,0.152336,0.001774,0.107198,0.746053,0
0.442591,7.0,0.191489,0.045184,0.146534,0.002948,0.19912,0.500526,0
0.447016,3.0,0.638298,0.043743,0.501934,0.003056,0.56551,0.26886,0
0.880757,2.0,0.297872,0.027531,0.141327,0.000821,0.098912,0.873246,0
0.434583,6.0,0.12766,0.04011,0.072895,0.003467,0.422915,0.414912,0
0.889562,6.0,0.191489,0.028732,0.218387,0.001512,0.268773,0.634211,0
0.004469,6.0,0.531915,0.043833,0.387831,0.003467,0.422915,0.414912,0
0.429892,7.0,0.170213,0.06614,0.118417,0.003467,0.422915,0.414912,0
0.429804,5.0,0.085106,0.057944,0.200684,0.003467,0.422915,0.414912,0
0.468873,3.0,0.276596,0.028522,0.444362,0.001915,0.221388,0.583772,0
0.898367,3.0,0.914894,0.045274,0.552514,0.003031,0.503625,0.470614,0
0.447768,6.0,0.170213,0.0,0.253496,0.0,0.249612,0.449123,0
0.443299,2.0,0.617021,0.044404,0.494942,0.003049,0.544537,0.396491,0
0.890138,5.0,0.829787,0.056443,0.839334,0.003868,0.682289,0.464474,0
0.434406,2.0,0.829787,0.048247,0.433799,0.003467,0.422915,0.414912,0
0.43883,5.0,0.297872,0.053891,0.160071,0.003467,0.422915,0.414912,0
0.451352,3.0,0.234043,0.03996,0.308093,0.001307,0.289487,0.794298,0
0.438786,4.0,0.446809,0.057314,0.513538,0.003467,0.422915,0.414912,0
0.468829,2.0,0.957447,0.028372,0.430229,0.001901,0.172967,0.567982,0
0.907482,7.0,0.276596,0.061967,0.22047,0.004146,0.216727,0.560088,0
0.894164,5.0,0.212766,0.059265,0.314639,0.003508,0.415847,0.787281,0
0.9035,1.0,0.06383,0.037018,0.221214,0.00247,0.284568,0.594737,0
0.474448,3.0,0.234043,0.034166,0.202023,0.002347,0.128172,0.453509,0
0.027078,2.0,0.085106,0.089678,0.186403,0.003467,0.422915,0.414912,0
0.460909,4.0,0.06383,0.054341,0.408063,0.003716,0.39565,0.351316,0
0.491261,5.0,0.297872,0.030443,0.384856,0.002106,0.396427,0.311404,0
0.013362,5.0,0.659574,0.057013,0.508777,0.003467,0.422915,0.414912,0
0.893677,1.0,0.191489,0.027471,0.174204,0.001762,0.249871,0.77193,0
0.000841,7.0,0.234043,0.081122,0.100565,0.003467,0.422915,0.414912,0
0.884695,7.0,1.0,0.030593,0.348408,0.002017,0.366132,0.505702,0
0.9035,1.0,0.319149,0.024979,0.235495,0.001556,0.096841,0.898246,0
0.438919,7.0,0.042553,0.048037,0.204701,0.003467,0.422915,0.414912,0
0.443078,4.0,0.531915,0.048427,0.511009,0.003261,0.535474,0.42807,0
0.451927,2.0,0.212766,0.033535,0.270306,0.001332,0.261264,0.853509,0
0.434184,4.0,1.0,0.059625,0.393038,0.003467,0.422915,0.414912,0
0.911685,5.0,0.574468,0.076618,0.51086,0.005228,0.598912,0.31886,0
0.890138,5.0,0.234043,0.035187,0.364475,0.002273,0.416106,0.683772,0
0.443387,4.0,0.617021,0.043893,0.478578,0.002966,0.510357,0.507018,0
0.44737,4.0,0.06383,0.036868,0.465189,0.002445,0.477214,0.666667,0
0.008628,2.0,0.234043,0.077609,0.282059,0.003467,0.422915,0.414912,0
0.9158,7.0,0.276596,0.073166,0.332342,0.005033,0.33739,0.374123,0
0.885492,4.0,0.446809,0.029302,0.521422,0.001998,0.596841,0.319298,0
0.008761,5.0,0.106383,0.077609,0.335168,0.003467,0.422915,0.414912,0
0.439051,3.0,1.0,0.05326,0.448825,0.003467,0.422915,0.414912,0
0.004646,3.0,0.106383,0.077069,0.330408,0.003467,0.422915,0.414912,0
0.473607,5.0,0.042553,0.02621,0.238173,0.001778,0.371569,0.528947,0
0.872174,5.0,0.787234,0.033866,0.576168,0.001703,0.465044,0.757018,0
0.871997,1.0,0.574468,0.028792,0.518744,0.001695,0.257897,0.912281,0
0.442547,6.0,0.553191,0.0656,0.517852,0.004572,0.55334,0.500526,0
0.018451,2.0,0.446809,0.056923,0.497322,0.003467,0.422915,0.414912,0
0.898943,2.0,0.914894,0.053921,0.56144,0.003567,0.508804,0.424561,0
0.005044,5.0,0.404255,0.047886,0.642963,0.003467,0.422915,0.414912,0
0.429715,3.0,0.191489,0.071755,0.228206,0.003467,0.422915,0.414912,0
0.460422,7.0,0.638298,0.027051,0.279976,0.001845,0.207147,0.621491,0
0.018274,5.0,0.319149,0.047076,0.457156,0.003467,0.422915,0.414912,0
0.881244,6.0,0.531915,0.029212,0.519935,0.001955,0.512947,0.554386,0
0.876023,6.0,0.148936,0.020806,0.166617,0.000841,0.246763,0.813158,0
0.46905,7.0,0.212766,0.035067,0.145641,0.002304,0.1797,0.596491,0
0.885978,1.0,0.829787,0.045364,0.498959,0.002964,0.440963,0.706579,0
0.014203,3.0,0.148936,0.040651,0.205445,0.003467,0.422915,0.414912,0
0.004248,1.0,0.808511,0.048367,0.572597,0.003467,0.422915,0.414912,0
0.889651,1.0,0.06383,0.029332,0.270455,0.001926,0.397204,0.593421,0
0.425689,2.0,0.723404,0.062387,0.469354,0.003467,0.422915,0.414912,0
0.434273,6.0,0.531915,0.045334,0.351235,0.003467,0.422915,0.414912,0
0.982169,4.0,0.702128,0.076078,0.587176,0.005156,0.580528,0.399561,0
0.911597,3.0,0.12766,0.042632,0.159328,0.002746,0.277576,0.745175,0
0.456086,6.0,0.595745,0.033235,0.491967,0.002279,0.494562,0.391667,0
0.004292,2.0,0.212766,0.043533,0.191163,0.003467,0.422915,0.414912,0
0.473563,4.0,0.510638,0.027111,0.517108,0.001793,0.560331,0.360526,0
0.45206,5.0,0.404255,0.034196,0.710949,0.002308,0.673226,0.25614,0
0.013849,2.0,0.297872,0.075027,0.638947,0.003467,0.422915,0.414912,0
0.889562,6.0,0.914894,0.02657,0.487652,0.001847,0.428793,0.442105,0
0.885448,3.0,0.489362,0.029362,0.540018,0.001973,0.539358,0.426754,0
0.442237,5.0,1.0,0.054341,0.447635,0.003467,0.422915,0.414912,0
0.014026,6.0,0.893617,0.055512,0.47114,0.003467,0.422915,0.414912,0
0.469935,6.0,0.893617,0.029182,0.424278,0.002046,0.2768,0.422807,0
0.464316,4.0,0.957447,0.027981,0.412526,0.001894,0.321336,0.55307,0
0.000354,3.0,0.042553,0.085415,0.431419,0.003467,0.422915,0.414912,0
0.009203,1.0,0.191489,0.057794,0.209759,0.003467,0.422915,0.414912,0
0.872218,6.0,0.510638,0.033566,0.685659,0.001799,0.539876,0.799561,0
0.469094,1.0,0.361702,0.029182,0.341565,0.001905,0.175298,0.737281,0
0.00969,5.0,0.191489,0.059625,0.216007,0.003467,0.422915,0.414912,0
0.465643,6.0,0.319149,0.03933,0.508926,0.002734,0.508286,0.409649,0
0.018318,6.0,0.042553,0.046866,0.396459,0.003467,0.422915,0.414912,0
0.876864,4.0,0.723404,0.028912,0.513538,0.001959,0.452874,0.391667,0
0.022521,3.0,0.851064,0.074457,0.430527,0.003467,0.422915,0.414912,0
0.456307,4.0,0.702128,0.034016,0.592532,0.002302,0.554635,0.556579,0
0.425512,5.0,0.191489,0.074997,0.195626,0.003467,0.422915,0.414912,0
0.884695,7.0,0.914894,0.029933,0.342904,0.001951,0.325997,0.560088,0
0.008628,2.0,0.93617,0.059235,0.557721,0.003467,0.422915,0.414912,0
0.907216,1.0,0.531915,0.048607,0.310473,0.003155,0.295443,0.732895,0
0.45613,7.0,0.574468,0.031584,0.348706,0.001558,0.278871,0.7,0
0.439051,3.0,0.212766,0.041642,0.184171,0.003467,0.422915,0.414912,0
0.465643,6.0,0.957447,0.029392,0.436328,0.00199,0.249353,0.657456,0
0.00938,5.0,0.361702,0.041642,0.700684,0.003467,0.422915,0.414912,0
0.470023,1.0,0.446809,0.028221,0.347664,0.001901,0.211031,0.634649,0
0.459891,2.0,0.191489,0.025339,0.146831,0.00168,0.186432,0.844298,0
0.013318,4.0,0.361702,0.045034,0.635525,0.003467,0.422915,0.414912,0
0.433875,4.0,0.617021,0.048787,0.496578,0.003467,0.422915,0.414912,0
0.456042,5.0,0.851064,0.040651,0.663195,0.002773,0.553858,0.448246,0
0.000531,7.0,0.702128,0.071664,0.349301,0.003467,0.422915,0.414912,0
0.871554,5.0,0.06383,0.024709,0.226421,0.000868,0.367685,0.772368,0
0.907172,7.0,0.276596,0.043203,0.228652,0.002842,0.292077,0.682018,0
0.893633,7.0,0.297872,0.027861,0.375781,0.001782,0.319006,0.732456,0
0.867793,3.0,0.06383,0.026991,0.210354,0.001749,0.337908,0.702632,0
0.912039,6.0,0.680851,0.047406,0.447486,0.003172,0.534438,0.372368,0
0.867705,1.0,0.893617,0.031824,0.353169,0.001872,0.267737,0.836842,0
0.031459,3.0,0.744681,0.056713,0.417287,0.003467,0.422915,0.414912,0
0.885182,4.0,0.659574,0.029092,0.492115,0.002,0.504661,0.313158,0
0.451219,7.0,0.425532,0.041822,0.641773,0.002773,0.453133,0.536842,0
0.026415,1.0,0.914894,0.051429,0.390062,0.003467,0.422915,0.414912,0
0.890315,2.0,0.0,0.032275,0.440048,0.002052,0.372864,0.603509,0
0.460245,3.0,0.638298,0.030383,0.45418,0.002083,0.499482,0.332895,0
0.451086,4.0,0.085106,0.037859,0.406873,0.002486,0.452615,0.633333,0
0.02668,7.0,0.829787,0.050498,0.360607,0.003467,0.422915,0.414912,0
0.026592,5.0,0.851064,0.059445,0.355103,0.003467,0.422915,0.414912,0
0.474183,4.0,0.787234,0.025369,0.291282,0.001689,0.149404,0.795614,0
0.026459,2.0,0.361702,0.074817,0.574383,0.003467,0.422915,0.414912,0
0.456351,5.0,0.170213,0.02606,0.226867,0.001739,0.306577,0.724123,0
0.968895,1.0,0.659574,0.053681,0.342458,0.002896,0.33014,0.615789,0
0.889341,1.0,0.914894,0.030984,0.433204,0.001932,0.342828,0.664912,0
0.912084,7.0,0.595745,0.043113,0.323564,0.002887,0.323149,0.52807,0
0.885094,2.0,0.957447,0.029993,0.513835,0.002009,0.376748,0.508772,0
0.867439,2.0,0.234043,0.026991,0.306159,0.00166,0.255308,0.882456,0
0.893633,7.0,0.93617,0.0656,0.55296,0.004038,0.383739,0.720175,0
0.46113,2.0,0.893617,0.031134,0.460875,0.00211,0.420249,0.390789,0
0.8762,3.0,0.914894,0.024919,0.397798,0.000833,0.312273,0.628947,0
0.881288,7.0,0.297872,0.028131,0.183725,0.001828,0.172708,0.696053,0
0.438299,7.0,0.212766,0.044434,0.08197,0.003467,0.422915,0.414912,0
0.460068,6.0,0.808511,0.030353,0.546415,0.002036,0.514241,0.422807,0
0.031724,2.0,0.87234,0.055242,0.32892,0.003467,0.422915,0.414912,0
0.889695,2.0,0.531915,0.029933,0.606665,0.041157,0.565769,0.135088,0
0.447325,3.0,0.106383,0.024619,0.36388,0.001562,0.373641,0.765789,0
0.451529,7.0,0.446809,0.03957,0.617525,0.002613,0.465821,0.704825,0
0.013318,4.0,0.234043,0.060496,0.295448,0.003467,0.422915,0.414912,0
0.902526,7.0,0.595745,0.030383,0.349896,0.002005,0.340497,0.525877,0
0.442503,5.0,0.148936,0.042452,0.155906,0.002806,0.24521,0.500526,0
0.907349,4.0,0.702128,0.060736,0.467272,0.004065,0.522527,0.489912,0
0.438388,2.0,0.170213,0.053561,0.158286,0.003467,0.422915,0.414912,0
0.021902,3.0,0.361702,0.071995,0.481256,0.003467,0.422915,0.414912,0
0.871687,1.0,0.297872,0.025339,0.25543,0.00097,0.147333,0.886404,0
0.898677,3.0,0.042553,0.080761,0.488843,0.005291,0.496116,0.571491,0
0.898721,4.0,0.617021,0.07854,0.538679,0.004815,0.56784,0.468421,0
0.868147,4.0,0.93617,0.037949,0.493157,0.002347,0.270844,0.792105,0
0.438388,2.0,0.106383,0.06539,0.221363,0.003467,0.422915,0.414912,0
0.898323,2.0,0.914894,0.055632,0.604582,0.003515,0.488866,0.601316,0
0.876687,7.0,0.0,0.028672,0.35778,0.001826,0.328586,0.645175,0
0.872218,6.0,0.042553,0.030083,0.240702,0.001464,0.384516,0.8,0
0.473519,3.0,0.446809,0.027861,0.566052,0.001851,0.545572,0.415789,0
0.451484,6.0,0.148936,0.038699,0.294109,0.000953,0.343863,0.662719,0
0.022167,2.0,0.723404,0.057644,0.41565,0.003467,0.422915,0.414912,0
0.880359,7.0,0.93617,0.0396,0.337846,0.002565,0.268255,0.625439,0
0.995443,7.0,0.659574,0.030713,0.341863,0.001988,0.283273,0.782018,0
0.90288,1.0,0.297872,0.0266,0.177923,0.001722,0.136458,0.807895,0
0.889518,5.0,0.425532,0.033535,0.598185,0.002322,0.635681,0.282895,0
0.44268,2.0,0.085106,0.046535,0.206337,0.003066,0.307095,0.701754,0
0.009336,4.0,0.212766,0.041341,0.287563,0.003467,0.422915,0.414912,0
0.456661,5.0,0.574468,0.030353,0.500744,0.002077,0.548421,0.495614,0
0.434184,4.0,0.914894,0.055993,0.430378,0.003467,0.422915,0.414912,0
0.026282,5.0,0.723404,0.050498,0.408509,0.003467,0.422915,0.414912,0
0.460334,5.0,0.978723,0.042722,0.511009,0.002952,0.486535,0.271053,0
0.438697,2.0,0.170213,0.046836,0.150402,0.003467,0.422915,0.414912,0
0.022256,4.0,0.702128,0.048487,0.468015,0.003467,0.422915,0.414912,0
0.875802,1.0,0.148936,0.015462,0.079292,0.000978,0.173226,0.843421,0
0.474448,3.0,0.893617,0.035937,0.353169,0.002497,0.185396,0.45,0
0.026326,6.0,0.234043,0.071364,0.163493,0.003467,0.422915,0.414912,0
0.44237,2.0,0.106383,0.03963,0.135823,0.002721,0.216209,0.500526,0
0.009026,4.0,0.446809,0.090159,0.668849,0.003467,0.422915,0.414912,0
0.889164,4.0,0.617021,0.028672,0.551026,0.002009,0.556706,0.356579,0
0.907792,7.0,0.085106,0.043083,0.250223,0.002877,0.353185,0.50614,0
0.911995,5.0,0.893617,0.046505,0.442279,0.003101,0.365096,0.527193,0
0.880581,6.0,0.361702,0.073346,0.498364,0.005,0.580269,0.356579,0
0.872572,7.0,0.595745,0.029633,0.356739,0.000995,0.30347,0.835088,0
0.451484,6.0,0.446809,0.044224,0.743826,0.002981,0.671932,0.511842,0
0.871908,6.0,0.510638,0.033085,0.644302,0.002156,0.563956,0.470175,0
0.434627,7.0,0.829787,0.047526,0.281464,0.003467,0.422915,0.414912,0
0.911243,2.0,0.723404,0.043653,0.506843,0.002831,0.392802,0.635965,0
0.893943,7.0,0.595745,0.041462,0.41089,0.002497,0.447954,0.815789,0
1.0,2.0,0.191489,0.031554,0.167063,0.002079,0.24262,0.655263,0
0.442724,3.0,0.212766,0.041852,0.221511,0.002703,0.217245,0.759649,0
0.465599,5.0,0.893617,0.029242,0.41565,0.002009,0.314863,0.500439,0
0.017433,7.0,0.148936,0.051489,0.126897,0.003467,0.422915,0.414912,0
0.022388,7.0,0.106383,0.061277,0.103541,0.003467,0.422915,0.414912,0
0.005265,3.0,0.829787,0.083794,0.695924,0.003467,0.422915,0.414912,0
0.872484,5.0,0.723404,0.133962,0.758703,0.00883,0.9174,0.277193,0
0.009601,3.0,0.957447,0.041732,0.543142,0.003467,0.422915,0.414912,0
0.9158,7.0,0.744681,0.053441,0.34573,0.003668,0.312015,0.385088,0
0.473917,5.0,0.851064,0.025489,0.448378,0.001649,0.378042,0.705702,0
0.87151,4.0,0.893617,0.042122,0.479619,0.001853,0.414552,0.820614,0
0.876156,5.0,0.957447,0.043983,0.453883,0.00291,0.333506,0.592105,0
0.433521,3.0,0.957447,0.053621,0.415353,0.003467,0.422915,0.414912,0
0.88089,5.0,0.659574,0.027381,0.457602,0.001818,0.456499,0.663596,0
0.473209,3.0,0.085106,0.034526,0.185361,0.002349,0.272916,0.523246,0
0.438786,4.0,0.319149,0.053321,0.436924,0.003467,0.422915,0.414912,0
0.885094,2.0,0.914894,0.030653,0.466528,0.002142,0.443294,0.393421,0
0.890138,5.0,0.170213,0.036538,0.29039,0.002341,0.409114,0.721053,0
0.902748,5.0,0.680851,0.043203,0.473817,0.002902,0.536769,0.407895,0
0.027034,1.0,0.085106,0.047526,0.109938,0.003467,0.422915,0.414912,0
0.424893,5.0,0.851064,0.074817,0.311514,0.003467,0.422915,0.414912,0
0.9158,7.0,0.12766,0.046595,0.143707,0.003193,0.219316,0.423684,0
0.872041,2.0,0.574468,0.028822,0.647873,0.00182,0.516831,0.735965,0
0.009601,3.0,0.234043,0.041732,0.260934,0.003467,0.422915,0.414912,0
0.433653,6.0,0.531915,0.051039,0.381285,0.003467,0.422915,0.414912,0
0.0,2.0,0.723404,0.042482,0.55296,0.003467,0.422915,0.414912,0
0.443387,4.0,0.957447,0.043443,0.487057,0.002869,0.382185,0.662719,0
0.021857,2.0,0.957447,0.056263,0.451503,0.003467,0.422915,0.414912,0
0.464625,4.0,0.340426,0.055812,0.456561,0.003864,0.493268,0.262719,0
0.437812,3.0,0.914894,0.043383,0.317316,0.003467,0.422915,0.414912,0
0.008716,4.0,0.191489,0.075958,0.240405,0.003467,0.422915,0.414912,0
0.009026,4.0,0.489362,0.045304,0.61202,0.003467,0.422915,0.414912,0
0.465555,4.0,0.617021,0.030323,0.500149,0.00209,0.38348,0.504386,0
0.008805,6.0,0.361702,0.041882,0.499107,0.003467,0.422915,0.414912,0
0.438166,4.0,0.702128,0.076348,0.468313,0.003467,0.422915,0.414912,0
0.877129,3.0,0.489362,0.041792,0.630616,0.002919,0.531072,0.236842,0
0.430114,5.0,1.0,0.049838,0.353615,0.003467,0.422915,0.414912,0
0.871599,6.0,0.787234,0.024108,0.494644,0.001504,0.467892,0.738158,0
0.009292,3.0,0.021277,0.081632,0.579143,0.003467,0.422915,0.414912,0
0.469316,6.0,0.914894,0.035607,0.432014,0.00237,0.265148,0.647368,0
0.004557,1.0,0.042553,0.043683,0.294406,0.003467,0.422915,0.414912,0
0.455555,1.0,0.361702,0.035817,0.488545,0.001786,0.258415,0.885965,0
0.469846,4.0,0.042553,0.048337,0.272687,0.003299,0.396427,0.347807,0
0.429096,3.0,0.787234,0.059265,0.410443,0.003467,0.422915,0.414912,0
0.452237,2.0,0.893617,0.033566,0.624814,0.002266,0.491455,0.688158,0
0.468873,3.0,0.212766,0.02651,0.286224,0.001764,0.13594,0.617544,0
0.465245,4.0,0.723404,0.048097,0.45909,0.003384,0.476178,0.136842,0
0.872041,2.0,0.191489,0.030083,0.237429,0.00092,0.251165,0.797807,0
0.004823,7.0,0.12766,0.061637,0.163344,0.003467,0.422915,0.414912,0
0.902748,5.0,0.659574,0.045845,0.461767,0.00307,0.535474,0.361404,0
0.014114,1.0,1.0,0.061217,0.519191,0.003467,0.422915,0.414912,0
0.491261,5.0,0.93617,0.032245,0.402112,0.002246,0.355774,0.306579,0
0.433963,6.0,0.085106,0.041131,0.142517,0.003467,0.422915,0.414912,0
0.009911,3.0,0.446809,0.041732,0.602499,0.003467,0.422915,0.414912,0
0.90704,4.0,0.212766,0.038789,0.195775,0.002584,0.268255,0.581579,0
0.867439,2.0,0.042553,0.024439,0.164237,0.001602,0.299845,0.735526,0
0.452325,4.0,0.255319,0.035067,0.471883,0.002374,0.426981,0.650439,0
0.87651,3.0,0.297872,0.028732,0.520083,0.001793,0.563698,0.614474,0
0.495686,6.0,0.702128,0.038549,0.440345,0.002823,0.434231,0.229825,0
0.438166,4.0,0.93617,0.076108,0.412526,0.003467,0.422915,0.414912,0
0.474448,3.0,0.021277,0.031614,0.24457,0.002216,0.162351,0.363596,0
0.42945,4.0,0.829787,0.067041,0.488396,0.003467,0.422915,0.414912,0
0.473873,4.0,0.148936,0.025489,0.16632,0.00145,0.22812,0.816667,0
0.031636,7.0,0.361702,0.065059,0.325201,0.003467,0.422915,0.414912,0
0.438078,2.0,0.0,0.068032,0.428741,0.003467,0.422915,0.414912,0
0.903102,6.0,0.787234,0.066561,0.541654,0.004591,0.547126,0.281579,0
0.469891,5.0,0.680851,0.069353,0.753942,0.004807,0.5971,0.362281,0
0.465599,5.0,0.851064,0.030143,0.421601,0.002092,0.386587,0.397807,0
0.429981,2.0,0.595745,0.075207,0.555787,0.003467,0.422915,0.414912,0
0.455467,6.0,0.702128,0.037498,0.570961,0.002526,0.529001,0.552193,0
0.469935,6.0,0.191489,0.049838,0.273579,0.003346,0.239513,0.729386,0
0.898058,3.0,0.659574,0.072775,0.577358,0.00473,0.570948,0.608772,0
0.995443,7.0,0.553191,0.033265,0.382624,0.002129,0.332729,0.788158,0
0.871908,6.0,0.957447,0.032214,0.44942,0.002108,0.279907,0.793421,0
0.030884,4.0,0.702128,0.073496,0.515769,0.003467,0.422915,0.414912,0
0.451573,1.0,0.042553,0.03894,0.364624,0.00257,0.469446,0.645175,0
0.47436,1.0,0.021277,0.024739,0.126748,0.001645,0.174521,0.781579,0
0.434184,4.0,0.978723,0.059625,0.424427,0.003467,0.422915,0.414912,0
0.867705,1.0,0.765957,0.032965,0.418179,0.002077,0.260487,0.836842,0
0.889695,2.0,0.425532,0.029422,0.662898,0.002009,0.617556,0.261842,0
0.912305,5.0,0.0,0.064459,0.41565,0.004439,0.400311,0.389912,0
0.907084,5.0,0.170213,0.043563,0.180899,0.002912,0.275505,0.6,0
0.469891,5.0,0.212766,0.051849,0.332342,0.003504,0.324184,0.644298,0
0.429185,5.0,0.914894,0.073256,0.443916,0.003467,0.422915,0.414912,0
0.447901,2.0,0.042553,0.033295,0.326986,0.002113,0.396168,0.689474,0
0.875802,1.0,0.12766,0.015702,0.080036,0.000995,0.180218,0.849561,0
0.872439,4.0,0.297872,0.029933,0.456561,0.001951,0.591403,0.507018,0
0.447901,2.0,0.021277,0.032425,0.356888,0.001984,0.34697,0.765789,0
0.022787,2.0,0.170213,0.068422,0.151592,0.003467,0.422915,0.414912,0
0.889872,6.0,0.914894,0.028522,0.610681,0.00199,0.509581,0.382456,0
0.02668,7.0,0.319149,0.050498,0.256025,0.003467,0.422915,0.414912,0
0.460511,2.0,0.021277,0.023838,0.274323,0.001587,0.338944,0.722368,0
0.01761,4.0,0.914894,0.050949,0.43975,0.003467,0.422915,0.414912,0
0.425158,4.0,0.553191,0.062838,0.529604,0.003467,0.422915,0.414912,0
0.442945,1.0,0.595745,0.045665,0.314787,0.003027,0.232004,0.630263,0
0.46113,2.0,0.680851,0.031134,0.428593,0.002127,0.410927,0.183772,0
0.867793,3.0,0.914894,0.027741,0.444213,0.000877,0.337131,0.705263,0
0.469271,5.0,0.851064,0.045004,0.443916,0.002997,0.382703,0.414912,0
0.004823,7.0,0.297872,0.068362,0.208123,0.003467,0.422915,0.414912,0
0.912261,4.0,0.319149,0.070133,0.506546,0.00479,0.547903,0.325877,0
0.452192,1.0,0.553191,0.033085,0.392889,0.002239,0.237701,0.621491,0
0.013318,4.0,0.404255,0.045995,0.666468,0.003467,0.422915,0.414912,0
0.876952,6.0,0.170213,0.029482,0.195329,0.001911,0.253237,0.632018,0
0.442635,1.0,0.085106,0.048547,0.195031,0.003274,0.306836,0.546053,0
0.474404,2.0,0.87234,0.035187,0.317911,0.002459,0.2087,0.357018,0
0.433609,5.0,1.0,0.067341,0.383963,0.003467,0.422915,0.414912,0
0.872484,5.0,0.170213,0.032695,0.205147,0.001882,0.298809,0.840789,0
0.455953,3.0,0.12766,0.033025,0.290985,0.002243,0.351113,0.666228,0
0.473961,6.0,0.021277,0.02612,0.289051,0.001666,0.308907,0.728947,0
0.434184,4.0,0.340426,0.070524,0.559952,0.003467,0.422915,0.414912,0
0.473873,4.0,0.425532,0.029422,0.610384,0.001948,0.533402,0.567105,0
0.437768,2.0,0.808511,0.047466,0.439601,0.003467,0.422915,0.414912,0
0.474315,7.0,0.595745,0.024919,0.231627,0.001606,0.141636,0.876316,0
0.455821,7.0,0.468085,0.033025,0.518149,0.002231,0.386587,0.628509,0
0.009424,6.0,0.234043,0.041642,0.184469,0.003467,0.422915,0.414912,0
0.893633,7.0,1.0,0.060976,0.504909,0.003633,0.443294,0.681579,0
0.898102,4.0,1.0,0.061367,0.582713,0.004044,0.526411,0.626316,0
0.447281,2.0,0.148936,0.01279,0.202916,0.000833,0.246504,0.533772,0
0.438874,6.0,0.319149,0.048337,0.253942,0.003467,0.422915,0.414912,0
0.465422,1.0,0.148936,0.018614,0.066349,0.001242,0.134904,0.722807,0
0.469846,4.0,0.787234,0.109103,0.605326,0.007451,0.531331,0.399123,0
0.89027,1.0,0.382979,0.075267,0.555043,0.004877,0.323149,0.762281,0
0.009026,4.0,0.531915,0.045304,0.578102,0.003467,0.422915,0.414912,0
0.473784,2.0,0.12766,0.02579,0.126748,0.001695,0.199637,0.728947,0
0.894783,5.0,0.531915,0.086766,0.655311,0.005904,0.673744,0.286842,0
0.013185,1.0,0.914894,0.041281,0.476644,0.003467,0.422915,0.414912,0
0.01407,7.0,0.489362,0.040891,0.371913,0.003467,0.422915,0.414912,0
0.880625,6.0,0.680851,0.036448,0.277447,0.002243,0.154065,0.94386,0
0.018185,3.0,0.212766,0.043863,0.17465,0.003467,0.422915,0.414912,0
0.451484,6.0,0.361702,0.040351,0.736239,0.002655,0.693423,0.524561,0
0.912128,1.0,0.319149,0.044254,0.29277,0.002869,0.221647,0.778509,0
0.89881,6.0,0.787234,0.053741,0.594615,0.003635,0.613931,0.323246,0
0.434273,6.0,0.234043,0.043383,0.190568,0.003467,0.422915,0.414912,0
0.433742,1.0,0.87234,0.041191,0.334127,0.003467,0.422915,0.414912,0
0.456661,5.0,0.255319,0.030833,0.453734,0.001965,0.382703,0.732018,0
0.915667,4.0,0.191489,0.045034,0.22404,0.003012,0.255826,0.538596,0
0.442724,3.0,0.382979,0.070614,0.586879,0.004857,0.561108,0.323246,0
0.889651,1.0,0.0,0.03942,0.406427,0.002592,0.396686,0.619737,0
0.469271,5.0,0.085106,0.030233,0.179857,0.002002,0.280425,0.527193,0
0.018008,6.0,0.255319,0.066951,0.185659,0.003467,0.422915,0.414912,0
0.474492,4.0,0.851064,0.029963,0.279827,0.002063,0.183325,0.536404,0
0.451883,1.0,0.553191,0.033626,0.385897,0.0022,0.292853,0.724123,0
0.877041,1.0,0.680851,0.029933,0.320887,0.001986,0.201191,0.533772,0
0.008628,2.0,0.0,0.064519,0.54091,0.003467,0.422915,0.414912,0
0.875802,1.0,0.106383,0.018014,0.086433,0.000993,0.204816,0.841667,0
0.00469,4.0,0.12766,0.076798,0.281315,0.003467,0.422915,0.414912,0
0.456661,5.0,0.638298,0.030353,0.46623,0.002069,0.522786,0.528947,0
0.898323,2.0,0.191489,0.044464,0.228652,0.002871,0.300363,0.742544,0
0.894828,6.0,0.659574,0.067521,0.568581,0.004564,0.601243,0.496053,0
0.907172,7.0,0.617021,0.075988,0.335763,0.004915,0.33506,0.757456,0
0.871953,7.0,1.0,0.031254,0.302886,0.002048,0.318488,0.779386,0
0.881244,6.0,0.446809,0.029422,0.55058,0.001984,0.546349,0.497368,0
0.438919,7.0,0.680851,0.048037,0.242636,0.003467,0.422915,0.414912,0
0.477988,2.0,0.93617,0.029392,0.406427,0.002034,0.311756,0.360526,0
0.023141,3.0,0.87234,0.071364,0.343201,0.003467,0.422915,0.414912,0
0.469625,6.0,0.170213,0.03906,0.173758,0.002638,0.198084,0.552193,0
0.013495,1.0,0.382979,0.051759,0.650699,0.003467,0.422915,0.414912,0
0.880227,4.0,0.170213,0.034586,0.163344,0.001994,0.238477,0.546491,0
0.451352,3.0,0.319149,0.038549,0.592532,0.002501,0.537804,0.714474,0
0.460024,5.0,0.319149,0.031014,0.506843,0.002075,0.510357,0.278947,0
0.022256,4.0,0.276596,0.050408,0.32654,0.003467,0.422915,0.414912,0
0.474138,3.0,0.914894,0.028251,0.410741,0.001178,0.22579,0.79386,0
0.45675,7.0,0.851064,0.028191,0.428444,0.001899,0.380891,0.665351,0
0.469891,5.0,0.425532,0.078269,0.753347,0.005268,0.649146,0.354825,0
0.880536,4.0,0.340426,0.03975,0.511157,0.002757,0.51217,0.253947,0
0.429981,2.0,0.170213,0.074547,0.206189,0.003467,0.422915,0.414912,0
0.42945,4.0,0.787234,0.067041,0.463553,0.003467,0.422915,0.414912,0
0.90288,1.0,0.085106,0.043233,0.176138,0.002842,0.330399,0.602193,0
0.465422,1.0,0.297872,0.02648,0.185361,0.001552,0.134127,0.712719,0
0.881421,3.0,1.0,0.029002,0.449866,0.00188,0.43216,0.485965,0
0.438742,3.0,0.297872,0.05248,0.396013,0.003467,0.422915,0.414912,0
0.469846,4.0,0.851064,0.085235,0.546564,0.005835,0.49275,0.412281,0
0.014247,4.0,0.617021,0.040591,0.477388,0.003467,0.422915,0.414912,0
0.013583,3.0,0.382979,0.045545,0.594615,0.003467,0.422915,0.414912,0
0.491261,5.0,0.893617,0.037949,0.388724,0.002648,0.414811,0.205702,0
0.911508,1.0,0.212766,0.031584,0.10726,0.002005,0.136199,0.860088,0
0.470023,1.0,0.340426,0.027891,0.326391,0.001874,0.169083,0.680702,0
0.425114,3.0,0.191489,0.069563,0.164534,0.003467,0.422915,0.414912,0
0.880713,1.0,0.106383,0.029422,0.095061,0.001836,0.204557,0.74386,0
0.000796,6.0,0.659574,0.100997,0.311961,0.003467,0.422915,0.414912,0
0.868103,3.0,0.574468,0.029092,0.593127,0.001894,0.582859,0.467982,0
0.424627,6.0,0.617021,0.073286,0.290241,0.003467,0.422915,0.414912,0
0.907084,5.0,0.255319,0.067431,0.357929,0.004553,0.440186,0.477632,0
0.013982,5.0,0.319149,0.089078,0.649658,0.003467,0.422915,0.414912,0
0.433919,5.0,0.765957,0.046535,0.406873,0.003467,0.422915,0.414912,0
0.442193,4.0,0.191489,0.047076,0.165427,0.003467,0.422915,0.414912,0
0.898102,4.0,0.93617,0.06545,0.595061,0.004312,0.489125,0.659649,0
0.433875,4.0,0.978723,0.046505,0.40003,0.003467,0.422915,0.414912,0
0.451086,4.0,0.893617,0.040201,0.645939,0.002655,0.497152,0.584211,0
0.889076,2.0,0.297872,0.028432,0.500298,0.001928,0.487053,0.494737,0
0.433653,6.0,0.170213,0.041131,0.119458,0.003467,0.422915,0.414912,0
0.911464,7.0,0.765957,0.044073,0.371764,0.002854,0.345158,0.740351,0
0.872439,4.0,0.170213,0.029572,0.192205,0.001435,0.290782,0.857018,0
0.881377,2.0,0.382979,0.030473,0.519191,0.002125,0.565251,0.296053,0
0.022875,4.0,0.744681,0.056743,0.457007,0.003467,0.422915,0.414912,0
0.02668,7.0,0.085106,0.042933,0.090747,0.003467,0.422915,0.414912,0
0.88558,6.0,0.808511,0.03939,0.603838,0.002746,0.625583,0.297807,0
0.876598,5.0,0.319149,0.028552,0.505207,0.00182,0.544278,0.601316,0
0.88558,6.0,0.723404,0.055842,0.606367,0.004005,0.710254,0.139474,0
0.894208,6.0,0.978723,0.062778,0.614698,0.004236,0.55826,0.511404,0
0.89819,6.0,0.319149,0.093521,0.672865,0.006128,0.681512,0.571053,0
0.027255,6.0,0.617021,0.074817,0.296935,0.003467,0.422915,0.414912,0
0.486837,4.0,0.255319,0.029993,0.313448,0.002061,0.308389,0.432895,0
0.867041,7.0,0.659574,0.029963,0.364772,0.001828,0.205075,0.779825,0
0.890359,3.0,0.319149,0.035307,0.749479,0.002449,0.620663,0.428947,0
0.880669,7.0,0.851064,0.035097,0.314043,0.002208,0.283273,0.792544,0
0.473253,4.0,0.382979,0.038429,0.611723,0.00286,0.447178,0.307895,0
0.871864,5.0,1.0,0.037048,0.414162,0.002439,0.384257,0.720614,0
0.438697,2.0,0.702128,0.05305,0.515918,0.003467,0.422915,0.414912,0
0.871422,2.0,0.361702,0.032275,0.664981,0.002125,0.72812,0.436842,0
0.473165,2.0,0.170213,0.023508,0.160964,0.001575,0.171673,0.602632,0
0.009469,7.0,0.212766,0.041642,0.136418,0.003467,0.422915,0.414912,0
0.451352,3.0,0.87234,0.03996,0.619012,0.002516,0.522009,0.714912,0
0.915623,3.0,0.595745,0.05275,0.503422,0.00361,0.591921,0.278947,0
0.460289,4.0,0.234043,0.032515,0.267331,0.002231,0.261264,0.475877,0
0.429627,1.0,0.787234,0.076318,0.488099,0.003467,0.422915,0.414912,0
0.013008,4.0,0.808511,0.041732,0.665873,0.003467,0.422915,0.414912,0
0.87213,4.0,0.723404,0.027171,0.485123,0.001747,0.563698,0.721491,0
0.880757,2.0,0.340426,0.029422,0.232074,0.000835,0.143967,0.873246,0
0.903013,4.0,0.553191,0.087997,0.48676,0.00592,0.629467,0.375877,0
0.881465,4.0,0.404255,0.029002,0.518596,0.001973,0.605127,0.224561,0
0.885536,5.0,0.468085,0.029002,0.525588,0.002011,0.641636,0.307456,0
0.009513,1.0,0.617021,0.041642,0.525141,0.003467,0.422915,0.414912,0
0.907836,1.0,0.744681,0.038669,0.326242,0.002609,0.273433,0.54693,0
0.424893,5.0,0.12766,0.055242,0.092532,0.003467,0.422915,0.414912,0
0.456617,4.0,0.659574,0.031374,0.476049,0.00214,0.573537,0.497807,0
0.867086,1.0,0.234043,0.023238,0.090003,0.001554,0.0,0.819737,0
0.871731,2.0,0.851064,0.0263,0.394972,0.001531,0.394873,0.704386,0
0.42476,2.0,0.744681,0.058394,0.368343,0.003467,0.422915,0.414912,0
0.460643,5.0,0.617021,0.036027,0.47709,0.002435,0.486794,0.460088,0
0.031149,3.0,0.319149,0.070584,0.459982,0.003467,0.422915,0.414912,0
0.013982,5.0,0.021277,0.062628,0.549836,0.003467,0.422915,0.414912,0
0.460732,7.0,0.021277,0.044224,0.463999,0.003031,0.364319,0.277632,0
0.495686,6.0,0.297872,0.028732,0.371169,0.001988,0.412222,0.291228,0
0.008849,7.0,0.255319,0.041582,0.145939,0.003467,0.422915,0.414912,0
0.013097,6.0,0.170213,0.041582,0.173758,0.003467,0.422915,0.414912,0
0.031547,5.0,0.595745,0.057314,0.415353,0.003467,0.422915,0.414912,0
0.885094,2.0,0.553191,0.037468,0.536001,0.002763,0.682548,0.058772,0
0.911907,3.0,0.191489,0.043953,0.238619,0.002875,0.275764,0.664035,0
0.893943,7.0,0.361702,0.083674,0.654716,0.005316,0.465562,0.865789,0
0.018539,4.0,0.893617,0.047856,0.396013,0.003467,0.422915,0.414912,0
0.443476,6.0,0.638298,0.043653,0.463404,0.003002,0.527965,0.377193,0
0.911774,7.0,0.170213,0.027411,0.130318,0.001789,0.224236,0.661842,0
0.027255,6.0,0.851064,0.077639,0.337697,0.003467,0.422915,0.414912,0
0.022521,3.0,0.085106,0.045455,0.236239,0.003467,0.422915,0.414912,0
0.885049,1.0,0.659574,0.029242,0.284439,0.001917,0.237442,0.597807,0
0.889385,2.0,0.340426,0.027381,0.371169,0.001762,0.246504,0.797368,0
0.469094,1.0,0.0,0.031464,0.211247,0.002073,0.263853,0.630263,0
0.000221,7.0,1.0,0.047106,0.293663,0.003467,0.422915,0.414912,0
0.438388,2.0,1.0,0.056113,0.449271,0.003467,0.422915,0.414912,0
0.438255,6.0,0.212766,0.053441,0.134037,0.003467,0.422915,0.414912,0
0.885403,2.0,0.319149,0.029783,0.534216,0.002002,0.519938,0.449123,0
0.018716,1.0,0.468085,0.048487,0.503422,0.003467,0.422915,0.414912,0
0.000531,7.0,0.148936,0.044104,0.090598,0.003467,0.422915,0.414912,0
0.8812,5.0,0.361702,0.029422,0.525885,0.001967,0.57043,0.494737,0
0.880669,7.0,0.617021,0.033566,0.274472,0.002079,0.185914,0.838158,0
0.898854,7.0,0.191489,0.027531,0.14341,0.00184,0.20145,0.517544,0
0.460466,1.0,0.170213,0.020235,0.093871,0.00135,0.149663,0.789474,0
0.001062,5.0,0.404255,0.044134,0.625112,0.003467,0.422915,0.414912,0
0.455688,4.0,0.914894,0.034796,0.554002,0.00215,0.449767,0.703509,0
0.447414,5.0,1.0,0.042752,0.587623,0.002881,0.525117,0.489035,0
0.452281,3.0,0.361702,0.033025,0.694585,0.002185,0.653806,0.535088,0
0.86797,7.0,0.170213,0.029062,0.165873,0.000868,0.192646,0.902193,0
0.473652,6.0,0.170213,0.022727,0.185659,0.00151,0.271621,0.752632,0
0.880359,7.0,0.659574,0.038579,0.353913,0.002536,0.253755,0.57193,0
0.429494,5.0,0.085106,0.044434,0.191758,0.003467,0.422915,0.414912,0
0.026326,6.0,0.06383,0.047526,0.197263,0.003467,0.422915,0.414912,0
0.456351,5.0,0.595745,0.033325,0.490479,0.002221,0.547903,0.563596,0
0.474183,4.0,0.680851,0.029482,0.440196,0.001998,0.28638,0.702193,0
0.451219,7.0,0.510638,0.041431,0.54091,0.00273,0.389694,0.683772,0
0.880536,4.0,0.12766,0.031734,0.180601,0.001934,0.260228,0.634211,0
0.013406,6.0,0.659574,0.041762,0.337251,0.003467,0.422915,0.414912,0
0.425512,5.0,0.12766,0.073316,0.150253,0.003467,0.422915,0.414912,0
0.468785,1.0,0.680851,0.028221,0.277596,0.001836,0.161833,0.698684,0
0.903544,2.0,0.851064,0.042602,0.454478,0.002892,0.406784,0.411404,0
0.031016,7.0,0.191489,0.050829,0.050283,0.003467,0.422915,0.414912,0
0.018141,2.0,0.531915,0.061637,0.516215,0.003467,0.422915,0.414912,0
0.460245,3.0,0.659574,0.030293,0.456858,0.002069,0.482393,0.353509,0
0.90288,1.0,0.382979,0.050919,0.378161,0.003166,0.250647,0.825,0
0.017433,7.0,0.06383,0.042452,0.260785,0.003467,0.422915,0.414912,0
0.890005,2.0,0.93617,0.028792,0.599821,0.001986,0.493527,0.503947,0
0.911818,1.0,0.170213,0.022367,0.085391,0.001452,0.146815,0.726316,0
0.447193,7.0,0.319149,0.042662,0.406427,0.002748,0.299586,0.746053,0
0.866953,5.0,0.446809,0.032064,0.33859,0.00214,0.225013,0.770175,0
0.443387,4.0,0.93617,0.043563,0.47352,0.002883,0.392802,0.679386,0
0.889961,1.0,0.531915,0.043743,0.469057,0.002275,0.352149,0.692544,0
0.429981,2.0,0.446809,0.07959,0.579292,0.003467,0.422915,0.414912,0
0.004469,6.0,0.978723,0.064489,0.441386,0.003467,0.422915,0.414912,0
0.030884,4.0,0.12766,0.074787,0.151592,0.003467,0.422915,0.414912,0
0.443299,2.0,0.106383,0.041972,0.203362,0.002798,0.25971,0.623246,0
0.890005,2.0,0.276596,0.027231,0.467569,0.001809,0.493786,0.251754,0
0.000664,3.0,0.595745,0.098775,0.483487,0.003467,0.422915,0.414912,0
0.456794,1.0,0.042553,0.027261,0.281315,0.001685,0.397721,0.626754,0
0.473386,7.0,0.914894,0.027711,0.367599,0.001847,0.217504,0.689474,0
0.447679,4.0,0.93617,0.042632,0.639393,0.002777,0.470482,0.636842,0
0.460511,2.0,0.914894,0.023718,0.359417,0.001583,0.418177,0.638596,0
0.907261,2.0,1.0,0.099135,0.454775,0.006541,0.510098,0.556579,0
0.867616,6.0,0.617021,0.030053,0.521422,0.001953,0.63361,0.525,0
0.491261,5.0,0.170213,0.02693,0.149658,0.001836,0.202227,0.436842,0
0.893589,6.0,0.468085,0.06602,0.655608,0.004742,0.647074,0.52807,0
0.031901,6.0,0.191489,0.055242,0.042547,0.003467,0.422915,0.414912,0
0.911907,3.0,0.93617,0.048067,0.445998,0.003187,0.305282,0.633772,0
0.889562,6.0,0.085106,0.035727,0.367153,0.002329,0.390471,0.568421,0
0.460466,1.0,0.574468,0.024589,0.261083,0.001649,0.282237,0.714474,0
0.47343,1.0,0.234043,0.023088,0.14579,0.001566,0.110047,0.610088,0
0.898279,1.0,0.106383,0.057103,0.229098,0.003382,0.386846,0.664474,0
0.907969,4.0,0.361702,0.064249,0.567539,0.004377,0.629984,0.317105,0
0.013185,1.0,0.787234,0.041732,0.675245,0.003467,0.422915,0.414912,0
0.424981,7.0,0.617021,0.066981,0.22895,0.003467,0.422915,0.414912,0
0.442281,6.0,0.021277,0.05317,0.407319,0.003467,0.422915,0.414912,0
0.880934,6.0,0.042553,0.029182,0.360607,0.001813,0.382703,0.72193,0
0.889297,7.0,0.617021,0.028942,0.321928,0.001718,0.361471,0.67807,0
0.907482,7.0,0.957447,0.045965,0.339929,0.003029,0.28405,0.572368,0
0.013008,4.0,0.06383,0.041281,0.427551,0.003467,0.422915,0.414912,0
0.430114,5.0,0.893617,0.053621,0.371021,0.003467,0.422915,0.414912,0
0.433388,7.0,0.87234,0.041431,0.287414,0.003467,0.422915,0.414912,0
0.013053,5.0,0.425532,0.041732,0.611425,0.003467,0.422915,0.414912,0
0.429317,1.0,0.553191,0.111084,0.690122,0.003467,0.422915,0.414912,1
0.469271,5.0,0.765957,0.045334,0.487801,0.003033,0.392802,0.440789,1
0.87213,4.0,0.765957,0.028402,0.429337,0.001221,0.462455,0.770614,1
0.473563,4.0,0.531915,0.028312,0.51443,0.001884,0.571724,0.300439,1
0.469758,2.0,0.617021,0.077519,0.626004,0.005293,0.587778,0.354825,1
0.872041,2.0,0.957447,0.030713,0.420262,0.000831,0.273692,0.820175,1
0.031636,7.0,0.425532,0.068482,0.328622,0.003467,0.422915,0.414912,1
0.014114,1.0,0.851064,0.071304,0.58554,0.003467,0.422915,0.414912,1
0.014159,2.0,0.489362,0.0662,0.570663,0.003467,0.422915,0.414912,1
0.030972,6.0,0.787234,0.077489,0.299018,0.003467,0.422915,0.414912,1
0.026371,7.0,0.744681,0.07905,0.297679,0.003467,0.422915,0.414912,1
0.911508,1.0,0.87234,0.040501,0.333085,0.002605,0.327292,0.725,1
0.446927,1.0,0.978723,0.037318,0.459685,0.002453,0.382185,0.713158,1
0.898898,1.0,0.042553,0.075868,0.30482,0.004998,0.482393,0.500439,1
0.894297,1.0,0.510638,0.064729,0.484826,0.003891,0.32289,0.673246,1
0.000885,1.0,0.468085,0.224481,0.547159,0.003467,0.422915,0.414912,1
0.013318,4.0,0.531915,0.081932,0.573788,0.003467,0.422915,0.414912,1
0.897969,1.0,0.893617,0.089078,0.616781,0.0056,0.448731,0.792544,1
0.01792,4.0,0.276596,0.081002,0.444957,0.003467,0.422915,0.414912,1
0.871776,3.0,0.340426,0.028762,0.544778,0.001849,0.550751,0.658772,1
0.438034,1.0,0.617021,0.073136,0.462957,0.003467,0.422915,0.414912,1
0.872395,3.0,0.085106,0.035547,0.164981,0.000831,0.291041,0.63114,1
0.447724,5.0,0.319149,0.073166,0.691907,0.004902,0.623511,0.362281,1
0.877041,1.0,0.765957,0.041011,0.444064,0.002759,0.308389,0.483333,1
0.906995,3.0,0.510638,0.098985,0.542844,0.00672,0.588814,0.324561,1
0.429052,2.0,0.595745,0.100546,0.505058,0.003467,0.422915,0.414912,1
0.030707,7.0,0.276596,0.077489,0.165427,0.003467,0.422915,0.414912,1
0.867439,2.0,0.638298,0.043203,0.634335,0.002896,0.803729,0.130263,1
0.456175,1.0,0.021277,0.030353,0.348557,0.000931,0.34231,0.681579,1
0.438388,2.0,0.765957,0.087066,0.565457,0.003467,0.422915,0.414912,1
0.465466,2.0,0.553191,0.070464,0.606813,0.00478,0.48058,0.538596,1
0.434671,1.0,0.914894,0.053921,0.254091,0.003467,0.422915,0.414912,1
0.004557,1.0,0.829787,0.121202,0.610979,0.003467,0.422915,0.414912,1
0.911818,1.0,0.489362,0.044974,0.357185,0.002914,0.283014,0.74386,1
0.447547,1.0,0.595745,0.041672,0.358375,0.002848,0.267478,0.603509,1
0.017566,3.0,0.319149,0.099496,0.577358,0.003467,0.422915,0.414912,1
0.46436,5.0,0.744681,0.031704,0.489884,0.002164,0.487571,0.360526,1
0.469714,1.0,0.382979,0.03993,0.370574,0.002682,0.291559,0.604386,1
0.86713,2.0,0.255319,0.032094,0.294704,0.002198,0.234076,0.442105,1
0.907747,6.0,0.425532,0.144049,0.541357,0.00958,0.560849,0.472368,1
0.442326,1.0,0.148936,0.05326,0.083309,0.002034,0.0826,0.500526,1
0.447414,5.0,0.510638,0.057524,0.601755,0.004231,0.6116,0.224123,1
0.868192,5.0,0.978723,0.029302,0.426807,0.001548,0.372864,0.733333,1
0.876067,7.0,0.978723,0.029933,0.282505,0.000864,0.28638,0.76886,1
0.022433,1.0,0.957447,0.074607,0.401815,0.003467,0.422915,0.414912,1
0.465466,2.0,0.404255,0.06626,0.564118,0.004528,0.503884,0.415351,1
0.465245,4.0,0.808511,0.050889,0.501636,0.003565,0.488089,0.192544,1
0.474227,5.0,0.957447,0.02642,0.250669,0.001651,0.092698,0.889035,1
0.433432,1.0,0.425532,0.09151,0.587474,0.003467,0.422915,0.414912,1
0.889784,4.0,0.404255,0.095082,0.770158,0.006606,0.72579,0.288596,1
0.027034,1.0,0.510638,0.109253,0.483041,0.003467,0.422915,0.414912,1
0.000796,6.0,0.06383,0.10535,0.361648,0.003467,0.422915,0.414912,1
0.022433,1.0,0.829787,0.074847,0.443767,0.003467,0.422915,0.414912,1
0.898456,5.0,0.617021,0.086526,0.498512,0.005791,0.600725,0.378947,1
0.907792,7.0,0.829787,0.044794,0.390658,0.003018,0.386328,0.450877,1
0.030928,5.0,0.638298,0.102258,0.588813,0.003467,0.422915,0.414912,1
0.880492,3.0,0.787234,0.05323,0.602053,0.003731,0.571724,0.228509,1
0.898456,5.0,0.404255,0.106791,0.659476,0.007164,0.661833,0.385526,1
0.890226,7.0,0.042553,0.085475,0.562035,0.004192,0.554117,0.523684,1
0.438874,6.0,0.87234,0.051759,0.306159,0.003467,0.422915,0.414912,1
0.903544,2.0,0.446809,0.064249,0.535109,0.004032,0.446919,0.499123,1
0.021857,2.0,0.382979,0.110784,0.533323,0.003467,0.422915,0.414912,1
0.442414,3.0,0.468085,0.084844,0.517852,0.006286,0.496893,0.500526,1
0.894297,1.0,0.808511,0.072415,0.654865,0.004784,0.541429,0.642105,1
0.474183,4.0,0.659574,0.031224,0.463404,0.002119,0.28146,0.701316,1
0.995443,7.0,0.744681,0.096643,0.597292,0.006433,0.478767,0.623246,1
0.885403,2.0,0.765957,0.048847,0.682535,0.003276,0.653806,0.45,1
0.885625,7.0,0.361702,0.06626,0.515174,0.004341,0.379855,0.666228,1
0.022919,5.0,0.617021,0.090159,0.477685,0.003467,0.422915,0.414912,1
0.866953,5.0,0.595745,0.034676,0.345135,0.002331,0.295702,0.659649,1
0.907482,7.0,0.382979,0.086976,0.434841,0.005806,0.352149,0.449123,1
0.447812,7.0,0.978723,0.041822,0.50238,0.00268,0.409891,0.602632,1
0.915756,6.0,0.468085,0.096043,0.597739,0.006415,0.56059,0.460965,1
0.866997,6.0,0.659574,0.038039,0.55787,0.002503,0.328845,0.65614,1
0.433609,5.0,0.638298,0.07854,0.493454,0.003467,0.422915,0.414912,1
0.469846,4.0,0.638298,0.939204,0.771199,0.062835,0.883221,0.166667,1
0.890049,3.0,0.361702,0.09202,0.74576,0.00645,0.747281,0.268421,1
0.894828,6.0,0.340426,0.113426,0.805266,0.007543,0.736406,0.381579,1
0.030707,7.0,0.829787,0.083794,0.347069,0.003467,0.422915,0.414912,1
0.456794,1.0,0.468085,0.027621,0.378756,0.001103,0.233817,0.750877,1
0.907747,6.0,0.574468,0.090159,0.491223,0.005943,0.544795,0.441228,1
0.995575,1.0,0.468085,0.079621,0.391848,0.003141,0.267478,0.74386,1
0.429494,5.0,0.191489,0.073226,0.223892,0.003467,0.422915,0.414912,1
0.447281,2.0,0.638298,0.086105,0.636269,0.005899,0.605904,0.448684,1
0.027167,4.0,0.361702,0.074817,0.490628,0.003467,0.422915,0.414912,1
0.880802,3.0,0.957447,0.027651,0.399732,0.001776,0.33739,0.768421,1
0.867439,2.0,0.659574,0.043623,0.623773,0.002933,0.806577,0.12807,1
0.43414,3.0,0.297872,0.061667,0.502231,0.003467,0.422915,0.414912,1
0.44237,2.0,0.510638,0.074997,0.526629,0.005395,0.462714,0.500526,1
0.473696,7.0,0.531915,0.05257,0.486909,0.003488,0.40057,0.888158,1
0.000664,3.0,0.553191,0.124835,0.500744,0.003467,0.422915,0.414912,1
0.907261,2.0,0.361702,0.089768,0.477983,0.005789,0.646556,0.452632,1
0.906951,2.0,0.851064,0.05209,0.355549,0.00365,0.560073,0.27807,1
0.017477,1.0,0.893617,0.10535,0.530348,0.003467,0.422915,0.414912,1
0.014159,2.0,0.531915,0.0662,0.536596,0.003467,0.422915,0.414912,1
0.912039,6.0,0.297872,0.062387,0.497025,0.004236,0.555671,0.335965,1
0.884828,3.0,0.06383,0.037498,0.357632,0.002117,0.404454,0.634211,1
0.004292,2.0,0.0,0.076108,0.475156,0.003467,0.422915,0.414912,1
0.469227,4.0,0.361702,0.094812,0.569771,0.006059,0.487053,0.582456,1
0.014114,1.0,0.531915,0.061757,0.494049,0.003467,0.422915,0.414912,1
0.013805,1.0,0.446809,0.134682,0.728355,0.003467,0.422915,0.414912,1
0.47436,1.0,0.87234,0.028071,0.243826,0.00187,0.215432,0.80614,1
0.465112,1.0,0.87234,0.056113,0.372508,0.003824,0.349819,0.451316,1
0.004602,2.0,0.446809,0.121202,0.631062,0.003467,0.422915,0.414912,1
0.447901,2.0,0.510638,0.042692,0.646831,0.002881,0.551269,0.525877,1
0.452369,5.0,0.468085,0.060856,0.625707,0.004287,0.599948,0.182895,1
0.447237,1.0,0.574468,0.044224,0.521571,0.002983,0.32755,0.759649,1
0.9035,1.0,0.851064,0.041311,0.359863,0.002684,0.305541,0.719298,1
0.908057,6.0,1.0,0.059175,0.448676,0.003997,0.419213,0.496491,1
0.902703,4.0,0.744681,0.084424,0.579143,0.005621,0.569912,0.472807,1
0.871776,3.0,0.489362,0.027081,0.55787,0.001714,0.627913,0.715789,1
0.429627,1.0,0.148936,0.071364,0.140881,0.003467,0.422915,0.414912,1
0.009336,4.0,0.87234,0.119761,0.718239,0.003467,0.422915,0.414912,1
0.000354,3.0,0.851064,0.119731,0.519786,0.003467,0.422915,0.414912,1
0.911685,5.0,0.468085,0.15843,0.540762,0.010777,0.615225,0.341228,1
0.46436,5.0,0.510638,0.030533,0.484082,0.002088,0.461419,0.375877,1
0.022521,3.0,0.510638,0.10493,0.51681,0.003467,0.422915,0.414912,1
0.907969,4.0,0.340426,0.080881,0.554894,0.005521,0.652512,0.312719,1
0.434007,7.0,0.93617,0.061307,0.319101,0.003467,0.422915,0.414912,1
0.915756,6.0,0.638298,0.0792,0.565457,0.005293,0.508286,0.42193,1
0.0223,5.0,0.191489,0.059926,0.129723,0.003467,0.422915,0.414912,1
0.867395,1.0,0.446809,0.035997,0.360309,0.002362,0.341533,0.798684,1
0.443166,6.0,0.340426,0.069623,0.564415,0.004659,0.554635,0.476754,1
0.424539,4.0,0.531915,0.058394,0.343053,0.003467,0.422915,0.414912,1
0.44737,4.0,0.829787,0.069143,0.775811,0.004906,0.578198,0.436404,1
0.902526,7.0,0.787234,0.070854,0.608896,0.004765,0.489384,0.428509,1
0.893854,5.0,0.851064,0.136123,0.821035,0.008961,0.684102,0.572368,1
0.429008,1.0,0.829787,0.077489,0.432907,0.003467,0.422915,0.414912,1
0.469625,6.0,0.489362,0.056353,0.519191,0.003801,0.532885,0.304386,1
0.88151,5.0,0.085106,0.028972,0.28072,0.00177,0.375194,0.612281,1
0.889341,1.0,0.680851,0.034766,0.412824,0.001934,0.329104,0.703509,1
0.995443,7.0,0.851064,0.042843,0.481702,0.002765,0.378819,0.773246,1
0.030972,6.0,0.723404,0.077489,0.334871,0.003467,0.422915,0.414912,1
0.437901,5.0,0.574468,0.056743,0.501636,0.003467,0.422915,0.414912,1
0.907084,5.0,0.574468,0.088357,0.469354,0.005947,0.6797,0.360965,1
0.433653,6.0,0.404255,0.069263,0.4277,0.003467,0.422915,0.414912,1
0.44237,2.0,0.340426,0.074036,0.470544,0.005793,0.478509,0.500526,1
0.425822,5.0,0.893617,0.091389,0.393484,0.003467,0.422915,0.414912,1
0.447856,1.0,0.702128,0.042062,0.536894,0.0028,0.296737,0.66886,1
0.027255,6.0,0.276596,0.101657,0.3072,0.003467,0.422915,0.414912,1
0.031769,3.0,0.446809,0.089798,0.315829,0.003467,0.422915,0.414912,1
0.030707,7.0,0.340426,0.089828,0.298572,0.003467,0.422915,0.414912,1
0.894518,6.0,0.361702,0.086075,0.717048,0.005866,0.773175,0.374561,1
0.867572,5.0,0.489362,0.545124,0.701131,0.014788,0.551787,0.728509,1
0.8762,3.0,0.723404,0.029302,0.50967,0.001897,0.583894,0.590789,1
0.022742,1.0,0.680851,0.090729,0.427998,0.003467,0.422915,0.414912,1
0.876333,6.0,0.510638,0.038309,0.68313,0.002545,0.686691,0.479386,1
0.447414,5.0,0.659574,0.054431,0.581077,0.004117,0.558001,0.287281,1
0.433742,1.0,0.723404,0.071664,0.461916,0.003467,0.422915,0.414912,1
0.46551,3.0,0.340426,0.054221,0.512348,0.00372,0.494303,0.392544,1
0.438963,1.0,0.468085,0.064309,0.483338,0.003467,0.422915,0.414912,1
0.027123,3.0,0.234043,0.07923,0.370723,0.003467,0.422915,0.414912,1
0.461042,7.0,0.021277,0.032425,0.43975,0.0022,0.328327,0.45614,1
0.446839,6.0,0.425532,0.043653,0.608599,0.003,0.522527,0.582895,1
0.889739,3.0,0.021277,0.050528,0.535406,0.003349,0.443811,0.609211,1
0.867926,6.0,0.382979,0.030353,0.693841,0.001924,0.524599,0.735965,1
0.912305,5.0,0.404255,0.080972,0.539869,0.005552,0.631797,0.284649,1
0.022477,2.0,0.765957,0.089288,0.492859,0.003467,0.422915,0.414912,1
0.000398,4.0,0.829787,0.134622,0.578697,0.003467,0.422915,0.414912,1
0.456661,5.0,0.957447,0.033566,0.559952,0.002204,0.418695,0.670175,1
0.903544,2.0,0.021277,0.044194,0.279976,0.002646,0.245728,0.681579,1
0.013451,7.0,0.340426,0.084965,0.39765,0.003467,0.422915,0.414912,1
0.030972,6.0,0.808511,0.077819,0.303927,0.003467,0.422915,0.414912,1
0.424627,6.0,0.723404,0.080611,0.298721,0.003467,0.422915,0.414912,1
0.022698,7.0,0.404255,0.086736,0.342755,0.003467,0.422915,0.414912,1
0.434406,2.0,0.425532,0.051039,0.509372,0.003467,0.422915,0.414912,1
0.871643,7.0,0.489362,0.034046,0.530199,0.002185,0.487312,0.792105,1
0.903234,2.0,0.361702,0.067221,0.504909,0.004584,0.563956,0.375,1
0.898633,2.0,0.638298,0.104389,0.588218,0.006899,0.579492,0.415351,1
0.455776,6.0,0.510638,0.121713,0.569473,0.008704,0.599689,0.024123,1
0.438122,3.0,0.617021,0.067942,0.442279,0.003467,0.422915,0.414912,1
0.004602,2.0,0.808511,0.121202,0.74695,0.003467,0.422915,0.414912,1
0.451086,4.0,0.765957,0.042092,0.840672,0.002786,0.719834,0.451754,1
0.875802,1.0,0.914894,0.029512,0.313151,0.000974,0.231745,0.885526,1
0.8985,6.0,0.680851,0.085535,0.465338,0.005717,0.532108,0.274123,1
0.880581,6.0,0.787234,0.080731,0.548944,0.00555,0.55826,0.244737,1
0.898854,7.0,1.0,0.083013,0.403154,0.005447,0.473071,0.577632,1
0.434583,6.0,0.659574,0.047526,0.293216,0.003467,0.422915,0.414912,1
0.872395,3.0,0.234043,0.031524,0.382773,0.001612,0.409373,0.719298,1
0.898367,3.0,0.276596,0.07923,0.582565,0.00512,0.5145,0.638596,1
0.447016,3.0,0.723404,0.102498,0.733561,0.007156,0.669083,0.284211,1
0.442458,4.0,0.744681,0.1442,0.604731,0.009823,0.641378,0.500526,1
0.447414,5.0,0.425532,0.068182,0.685957,0.004803,0.672708,0.222368,1
0.447502,7.0,0.553191,0.041822,0.429783,0.002877,0.345935,0.491228,1
0.022565,4.0,0.255319,0.073526,0.29753,0.003467,0.422915,0.414912,1
0.014159,2.0,0.425532,0.07938,0.628682,0.003467,0.422915,0.414912,1
0.451838,7.0,0.851064,0.044043,0.651741,0.003031,0.403677,0.525439,1
0.030751,1.0,0.808511,0.095473,0.46623,0.003467,0.422915,0.414912,1
0.889828,5.0,0.340426,0.190705,0.775513,0.013134,0.780684,0.290789,1
0.47405,1.0,0.723404,0.046235,0.492859,0.003074,0.403418,0.643421,1
0.022123,1.0,0.893617,0.073586,0.318655,0.003467,0.422915,0.414912,1
0.872174,5.0,0.446809,0.030623,0.582118,0.001996,0.625583,0.617982,1
0.437857,4.0,0.553191,0.060676,0.502678,0.003467,0.422915,0.414912,1
0.867661,7.0,0.87234,0.049958,0.369533,0.003276,0.459606,0.577632,1
0.446662,2.0,0.510638,0.070013,0.586433,0.004906,0.598395,0.269298,1
0.469846,4.0,0.425532,0.852738,0.728355,0.058134,0.831434,0.122807,1
0.89412,4.0,0.425532,0.090159,0.742785,0.006115,0.769291,0.314035,1
0.000265,1.0,0.297872,0.10475,0.375483,0.003467,0.422915,0.414912,1
0.903323,4.0,0.595745,0.067281,0.495537,0.004512,0.551269,0.410088,1
0.433344,6.0,0.638298,0.070073,0.415948,0.003467,0.422915,0.414912,1
0.000708,4.0,0.361702,0.124204,0.564118,0.003467,0.422915,0.414912,1
0.442635,1.0,0.829787,0.086976,0.506546,0.005978,0.348524,0.442105,1
0.031016,7.0,0.361702,0.082112,0.318953,0.003467,0.422915,0.414912,1
0.022831,3.0,0.042553,0.084814,0.371764,0.003467,0.422915,0.414912,1
0.44737,4.0,0.723404,0.059685,0.821184,0.004215,0.639306,0.392544,1
0.022167,2.0,0.553191,0.074517,0.440345,0.003467,0.422915,0.414912,1
0.915667,4.0,0.425532,0.0792,0.543737,0.005426,0.648369,0.269298,1
0.429185,5.0,0.340426,0.098925,0.589854,0.003467,0.422915,0.414912,1
0.018362,7.0,0.765957,0.0789,0.449271,0.003467,0.422915,0.414912,1
0.44237,2.0,0.808511,0.10559,0.506843,0.007906,0.499482,0.500526,1
0.451706,4.0,0.446809,0.041431,0.679857,0.002777,0.694459,0.446491,1
0.474448,3.0,0.510638,0.06581,0.475007,0.004506,0.307872,0.377632,1
0.881244,6.0,1.0,0.035427,0.441982,0.002318,0.412481,0.645614,1
0.022167,2.0,0.425532,0.074517,0.500595,0.003467,0.422915,0.414912,1
0.429671,2.0,0.531915,0.115768,0.669444,0.003467,0.422915,0.414912,1
0.867705,1.0,0.744681,0.035037,0.432312,0.002077,0.277317,0.85,1
0.456794,1.0,0.87234,0.030023,0.434692,0.001998,0.352667,0.732456,1
0.009469,7.0,0.765957,0.063949,0.711693,0.003467,0.422915,0.414912,1
0.912216,3.0,1.0,0.089438,0.442428,0.006151,0.425945,0.444298,1
0.027167,4.0,0.510638,0.074817,0.462957,0.003467,0.422915,0.414912,1
0.456263,3.0,0.361702,0.042692,0.638054,0.002862,0.637752,0.535088,1
8.8e-05,4.0,0.744681,0.046956,0.592086,0.003467,0.422915,0.414912,1
0.021857,2.0,0.765957,0.100366,0.541803,0.003467,0.422915,0.414912,1
0.885536,5.0,0.276596,0.06635,0.466825,0.004456,0.475919,0.45,1
0.899164,7.0,0.510638,0.078239,0.401815,0.005023,0.337131,0.677632,1
0.47343,1.0,0.765957,0.035067,0.367153,0.002358,0.256603,0.700877,1
0.026503,3.0,0.893617,0.082232,0.394972,0.003467,0.422915,0.414912,1
0.8935,4.0,0.0,0.093821,0.612467,0.006267,0.493009,0.683772,1
0.433919,5.0,0.404255,0.067071,0.540613,0.003467,0.422915,0.414912,1
0.455555,1.0,0.914894,0.037529,0.509521,0.002071,0.394096,0.794737,1
0.915623,3.0,0.255319,0.073736,0.416245,0.005062,0.535215,0.338158,1
0.000442,5.0,0.723404,0.134622,0.567242,0.003467,0.422915,0.414912,1
0.908101,7.0,0.382979,0.087607,0.458346,0.00575,0.374158,0.637719,1
0.424494,3.0,0.06383,0.077489,0.123921,0.003467,0.422915,0.414912,1
0.8985,6.0,0.957447,0.084935,0.527373,0.005667,0.436044,0.466667,1
0.452369,5.0,0.042553,0.071094,0.541803,0.004904,0.498446,0.435088,1
0.885049,1.0,0.893617,0.073015,0.473371,0.00483,0.349042,0.575877,1
0.898544,7.0,0.87234,0.093191,0.546564,0.005831,0.425686,0.628947,1
0.897925,7.0,0.531915,0.073646,0.49643,0.004636,0.414552,0.770614,1
0.005398,6.0,0.510638,0.084574,0.464296,0.003467,0.422915,0.414912,1
0.456794,1.0,0.382979,0.031374,0.411038,0.002034,0.243397,0.782018,1
0.434494,4.0,0.191489,0.055842,0.216751,0.003467,0.422915,0.414912,1
0.460466,1.0,0.404255,0.02627,0.383219,0.001762,0.258933,0.735526,1
0.867882,5.0,0.361702,0.029332,0.594317,0.001884,0.627136,0.526754,1
0.867041,7.0,0.468085,0.035937,0.470098,0.001988,0.216209,0.771053,1
0.907703,5.0,0.787234,0.070914,0.556531,0.004744,0.576126,0.471053,1
0.880536,4.0,1.0,0.041041,0.461916,0.002659,0.404972,0.710526,1
0.881067,2.0,0.446809,0.029422,0.520232,0.001961,0.553599,0.545614,1
0.867484,3.0,0.702128,0.032575,0.627046,0.002171,0.707923,0.480263,1
0.442503,5.0,0.659574,0.085145,0.474561,0.005814,0.56551,0.500526,1
0.894518,6.0,0.06383,0.070343,0.491967,0.004653,0.553081,0.493421,1
0.438299,7.0,0.659574,0.066861,0.275513,0.003467,0.422915,0.414912,1
0.429096,3.0,0.404255,0.085655,0.509372,0.003467,0.422915,0.414912,1
0.000796,6.0,0.382979,0.156989,0.505207,0.003467,0.422915,0.414912,1
0.915623,3.0,0.489362,0.080071,0.519935,0.005447,0.559555,0.294737,1
0.885315,7.0,0.042553,0.051279,0.398988,0.003425,0.396945,0.557456,1
0.000354,3.0,0.276596,0.140267,0.451503,0.003467,0.422915,0.414912,1
0.465422,1.0,0.489362,0.027831,0.331747,0.001454,0.272398,0.712719,1
0.894031,2.0,0.446809,0.081182,0.70961,0.005368,0.728379,0.499123,1
0.434671,1.0,0.93617,0.053921,0.282059,0.003467,0.422915,0.414912,1
0.447148,6.0,0.531915,0.065059,0.609491,0.004557,0.578716,0.388158,1
0.013318,4.0,1.0,0.081002,0.598483,0.003467,0.422915,0.414912,1
0.027432,3.0,0.93617,0.080131,0.441386,0.003467,0.422915,0.414912,1
0.434406,2.0,0.617021,0.051039,0.494644,0.003467,0.422915,0.414912,1
0.876156,5.0,0.340426,0.071304,0.506397,0.00484,0.596064,0.351754,1
0.026813,3.0,0.191489,0.072745,0.203957,0.003467,0.422915,0.414912,1
0.022344,6.0,0.93617,0.073256,0.289943,0.003467,0.422915,0.414912,1
0.89912,6.0,0.765957,0.084844,0.652038,0.005764,0.584671,0.424123,1
0.005088,6.0,0.106383,0.075958,0.284588,0.003467,0.422915,0.414912,1
0.428919,6.0,0.808511,0.090879,0.385302,0.003467,0.422915,0.414912,1
0.894562,7.0,0.617021,0.066471,0.475305,0.004167,0.440445,0.820175,1
0.005221,2.0,0.93617,0.106131,0.552514,0.003467,0.422915,0.414912,1
0.442901,7.0,0.829787,0.053681,0.431419,0.003685,0.356033,0.455702,1
0.460688,6.0,0.702128,0.190825,0.570068,0.013033,0.512947,0.30307,1
0.880404,2.0,0.787234,0.031704,0.638649,0.002152,0.627395,0.348246,1
0.031415,2.0,0.361702,0.102258,0.570663,0.003467,0.422915,0.414912,1
0.013805,1.0,0.595745,0.133391,0.707825,0.003467,0.422915,0.414912,1
0.456705,6.0,0.446809,0.033265,0.5723,0.002283,0.531072,0.566228,1
0.894518,6.0,0.468085,0.082443,0.675394,0.005519,0.726567,0.470614,1
0.446662,2.0,0.659574,0.062598,0.53615,0.004412,0.59218,0.292544,1
0.469537,4.0,0.595745,0.046776,0.516959,0.003132,0.469446,0.45307,1
0.459891,2.0,0.808511,0.080401,0.611723,0.005517,0.529259,0.310965,1
0.456175,1.0,0.531915,0.030713,0.338887,0.001732,0.249353,0.708772,1
0.876598,5.0,0.361702,0.030653,0.570961,0.001961,0.546349,0.657018,1
0.465643,6.0,0.489362,0.063138,0.60607,0.004341,0.508286,0.47807,1
0.447635,3.0,0.489362,0.060826,0.61202,0.004177,0.640083,0.364474,1
0.907393,5.0,0.659574,0.076618,0.464594,0.005206,0.51709,0.332018,1
0.023096,2.0,0.744681,0.087637,0.433651,0.003467,0.422915,0.414912,1
0.866953,5.0,0.723404,0.035937,0.337251,0.002399,0.344899,0.585088,1
0.876023,6.0,0.446809,0.032935,0.549836,0.001865,0.535733,0.646491,1
0.894783,5.0,0.021277,0.120331,0.606367,0.005536,0.523563,0.657895,1
0.898013,2.0,0.787234,0.100216,0.83011,0.006691,0.707923,0.540351,1
0.429008,1.0,0.212766,0.067731,0.258703,0.003467,0.422915,0.414912,1
0.898013,2.0,0.319149,0.0786,0.707081,0.005326,0.629984,0.47807,1
0.474271,6.0,0.297872,0.02648,0.167361,0.000976,0.033661,0.903509,1
0.885448,3.0,0.0,0.073556,0.476793,0.004377,0.402123,0.706579,1
0.438697,2.0,0.787234,0.087066,0.553109,0.003467,0.422915,0.414912,1
0.429008,1.0,0.234043,0.067731,0.328474,0.003467,0.422915,0.414912,1
0.902925,2.0,0.808511,0.098925,0.58911,0.006734,0.621699,0.407895,1
0.465245,4.0,0.276596,0.057284,0.423683,0.003918,0.364319,0.324561,1
0.881288,7.0,0.787234,0.03942,0.425766,0.00258,0.435526,0.586842,1
0.438476,4.0,0.042553,0.067311,0.365665,0.003467,0.422915,0.414912,1
0.447856,1.0,0.553191,0.044644,0.544183,0.002964,0.282237,0.749561,1
0.881067,2.0,0.680851,0.099225,0.516513,0.006932,0.508545,0.356579,1
0.42945,4.0,0.234043,0.077369,0.394228,0.003467,0.422915,0.414912,1
0.026769,2.0,1.0,0.087276,0.40122,0.003467,0.422915,0.414912,1
0.452237,2.0,0.829787,0.035817,0.716156,0.002426,0.575091,0.642544,1
0.903544,2.0,0.12766,0.044404,0.148319,0.001934,0.180476,0.809649,1
0.031061,1.0,0.340426,0.071815,0.487652,0.003467,0.422915,0.414912,1
0.885492,4.0,0.255319,0.034226,0.347664,0.002221,0.357328,0.679825,1
0.907438,6.0,0.851064,0.075027,0.426361,0.005118,0.468928,0.367105,1
0.425202,5.0,0.808511,0.076618,0.361351,0.003467,0.422915,0.414912,1
0.014336,6.0,0.829787,0.108863,0.585986,0.003467,0.422915,0.414912,1
0.898589,1.0,0.808511,0.102288,0.689527,0.006618,0.486018,0.475439,1
0.429229,6.0,0.489362,0.075387,0.458643,0.003467,0.422915,0.414912,1
0.000133,5.0,0.021277,0.075868,0.434543,0.003467,0.422915,0.414912,1
0.898235,7.0,0.957447,0.090008,0.525439,0.005442,0.387364,0.706579,1
0.018362,7.0,0.723404,0.069713,0.28072,0.003467,0.422915,0.414912,1
0.456794,1.0,0.638298,0.028372,0.268224,0.001074,0.192905,0.769298,1
0.867926,6.0,0.638298,0.030353,0.74457,0.001926,0.523045,0.755702,1
0.434583,6.0,0.361702,0.050318,0.386195,0.003467,0.422915,0.414912,1
0.023052,1.0,0.553191,0.101327,0.494198,0.003467,0.422915,0.414912,1
0.433742,1.0,0.468085,0.076168,0.530794,0.003467,0.422915,0.414912,1
0.889607,7.0,0.489362,0.101357,0.47471,0.00625,0.393578,0.637281,1
0.460776,1.0,0.787234,0.044644,0.541506,0.003078,0.346194,0.263158,1
0.872395,3.0,0.659574,0.033566,0.618566,0.00215,0.668824,0.506579,1
0.017787,1.0,0.723404,0.084814,0.515025,0.003467,0.422915,0.414912,1
0.474271,6.0,1.0,0.029242,0.234454,0.001886,0.207923,0.746053,1
0.473342,6.0,0.468085,0.051279,0.593276,0.003527,0.537027,0.128509,1
0.894518,6.0,0.382979,0.087216,0.735198,0.005941,0.78638,0.364035,1
0.884828,3.0,0.787234,0.036027,0.660666,0.002455,0.64552,0.385965,1
0.469581,5.0,0.382979,0.050168,0.55668,0.003311,0.480321,0.482018,1
0.91173,6.0,0.425532,0.104569,0.570217,0.006942,0.646815,0.486404,1
0.425822,5.0,0.93617,0.081782,0.444213,0.003467,0.422915,0.414912,1
0.884828,3.0,0.361702,0.033866,0.576465,0.002302,0.596323,0.436404,1
0.473342,6.0,0.212766,0.041642,0.305266,0.00284,0.301398,0.495614,1
0.42507,2.0,0.510638,0.069893,0.504314,0.003467,0.422915,0.414912,1
0.903323,4.0,0.510638,0.083013,0.507736,0.005546,0.566028,0.444737,1
0.000664,3.0,0.638298,0.124835,0.464148,0.003467,0.422915,0.414912,1
0.482412,3.0,0.723404,0.054311,0.463999,0.003789,0.498187,0.280702,1
0.898943,2.0,0.531915,0.09232,0.549241,0.00608,0.580269,0.459211,1
0.469006,6.0,0.659574,0.049748,0.518149,0.003326,0.46116,0.390351,1
0.031503,4.0,0.425532,0.078029,0.502529,0.003467,0.422915,0.414912,1
0.425202,5.0,0.021277,0.062748,0.273877,0.003467,0.422915,0.414912,1
0.43414,3.0,0.468085,0.087066,0.578548,0.003467,0.422915,0.414912,1
0.465643,6.0,0.680851,0.085595,0.569622,0.00586,0.508545,0.476754,1
0.456351,5.0,0.723404,0.035727,0.555787,0.002221,0.55334,0.534211,1
0.474271,6.0,0.340426,0.029032,0.257661,0.000976,0.062403,0.903509,1
0.031016,7.0,0.914894,0.077489,0.280869,0.003467,0.422915,0.414912,1
0.872085,3.0,0.702128,0.028702,0.486611,0.001865,0.517866,0.592105,1
0.424848,4.0,0.510638,0.062838,0.435882,0.003467,0.422915,0.414912,1
0.032034,2.0,0.510638,0.074817,0.348408,0.003467,0.422915,0.414912,1
0.0273,7.0,1.0,0.074817,0.248884,0.003467,0.422915,0.414912,1
0.871731,2.0,0.574468,0.027831,0.534067,0.001797,0.561626,0.689474,1
0.469271,5.0,0.744681,0.046505,0.508777,0.003095,0.418954,0.438158,1
0.001062,5.0,0.234043,0.083313,0.271199,0.003467,0.422915,0.414912,1
0.460555,3.0,0.957447,0.028852,0.454775,0.001874,0.401864,0.730702,1
0.867395,1.0,0.382979,0.031224,0.346028,0.001635,0.277576,0.902632,1
0.899164,7.0,0.085106,0.083163,0.356144,0.00549,0.425427,0.568421,1
0.017433,7.0,0.808511,0.1185,0.544927,0.003467,0.422915,0.414912,1
0.459891,2.0,0.297872,0.033596,0.452098,0.002262,0.438374,0.608772,1
0.465555,4.0,0.468085,0.114087,0.518298,0.010949,0.361989,0.165351,1
0.872085,3.0,0.808511,0.028432,0.424725,0.000924,0.375453,0.741228,1
0.018274,5.0,0.404255,0.049988,0.557423,0.003467,0.422915,0.414912,1
0.474006,7.0,0.446809,0.031914,0.414758,0.002156,0.344381,0.700877,1
0.876598,5.0,0.489362,0.031284,0.566647,0.002063,0.579492,0.531579,1
0.009292,3.0,0.468085,0.106611,0.6928,0.003467,0.422915,0.414912,1
0.031636,7.0,0.468085,0.077819,0.323416,0.003467,0.422915,0.414912,1
0.898854,7.0,0.914894,0.072655,0.399137,0.00467,0.384775,0.671491,1
0.026857,4.0,0.617021,0.127207,0.595359,0.003467,0.422915,0.414912,1
0.907438,6.0,0.468085,0.089438,0.512794,0.00607,0.53884,0.352193,1
0.902526,7.0,0.404255,0.124445,0.534662,0.008249,0.404454,0.608772,1
0.447281,2.0,0.553191,0.088898,0.670783,0.006107,0.629467,0.369298,1
0.023052,1.0,0.574468,0.09217,0.481851,0.003467,0.422915,0.414912,1
0.004203,7.0,0.531915,0.084724,0.381434,0.003467,0.422915,0.414912,1
0.434273,6.0,0.893617,0.051879,0.294853,0.003467,0.422915,0.414912,1
0.912482,2.0,0.234043,0.081542,0.386343,0.005725,0.378042,0.484649,1
0.004248,1.0,0.553191,0.081302,0.491074,0.003467,0.422915,0.414912,1
0.433875,4.0,0.510638,0.054041,0.523802,0.003467,0.422915,0.414912,1
0.456484,1.0,0.723404,0.032845,0.476644,0.002198,0.373123,0.536404,1
0.872085,3.0,0.893617,0.028762,0.381583,0.00085,0.342569,0.754386,1
0.447237,1.0,0.659574,0.043023,0.554299,0.00286,0.317452,0.745614,1
0.438299,7.0,0.468085,0.055332,0.343053,0.003467,0.422915,0.414912,1
0.876156,5.0,0.510638,0.101387,0.474859,0.006923,0.56318,0.419737,1
0.477988,2.0,0.851064,0.037979,0.456709,0.002646,0.406525,0.256579,1
0.876289,5.0,0.510638,0.040471,0.638203,0.002765,0.906007,0.185088,1
0.903323,4.0,0.744681,0.068392,0.561143,0.004175,0.57535,0.341667,1
0.875802,1.0,0.404255,0.032725,0.359714,0.001911,0.231486,0.869737,1
0.465422,1.0,0.361702,0.027711,0.318209,0.001683,0.205852,0.712719,1
0.907792,7.0,0.787234,0.044164,0.429783,0.002935,0.34697,0.574561,1
0.004867,1.0,1.0,0.106161,0.523951,0.003467,0.422915,0.414912,1
0.455555,1.0,0.957447,0.036117,0.489884,0.002036,0.357069,0.816667,1
0.894252,7.0,0.425532,0.087066,0.650104,0.005002,0.477214,0.72193,1
0.911376,5.0,0.276596,0.116759,0.483338,0.007759,0.62144,0.470175,1
0.464493,1.0,0.0,0.048427,0.296043,0.003288,0.354738,0.430702,1
0.424539,4.0,0.680851,0.058394,0.326242,0.003467,0.422915,0.414912,1
0.442326,1.0,0.446809,0.054431,0.350788,0.002862,0.199896,0.500526,1
0.434007,7.0,0.765957,0.055032,0.342458,0.003467,0.422915,0.414912,1
0.876731,1.0,0.617021,0.03966,0.491669,0.002538,0.498705,0.627193,1
0.442989,2.0,0.574468,0.069653,0.567986,0.00468,0.49275,0.558772,1
0.468917,4.0,0.340426,0.054161,0.526927,0.003708,0.472812,0.34693,1
0.451263,1.0,0.404255,0.041041,0.539125,0.002549,0.303729,0.890789,1
0.004602,2.0,0.87234,0.121202,0.654121,0.003467,0.422915,0.414912,1
0.425601,7.0,0.425532,0.076258,0.34454,0.003467,0.422915,0.414912,1
0.447901,2.0,0.659574,0.042392,0.605475,0.002835,0.525634,0.480263,1
0.8762,3.0,0.361702,0.028432,0.531538,0.001818,0.523304,0.657895,1
0.876156,5.0,0.553191,0.116068,0.469503,0.007894,0.594511,0.412719,1
0.468785,1.0,0.297872,0.029002,0.22404,0.001909,0.116779,0.636404,1
0.876289,5.0,0.468085,0.038549,0.61083,0.002605,0.850854,0.242105,1
4.4e-05,3.0,0.042553,0.051489,0.378905,0.003467,0.422915,0.414912,1
0.01407,7.0,0.276596,0.062958,0.200684,0.003467,0.422915,0.414912,1
0.425335,1.0,0.914894,0.093821,0.443023,0.003467,0.422915,0.414912,1
0.893987,1.0,0.93617,0.076198,0.567986,0.003756,0.399793,0.817544,1
0.031901,6.0,0.382979,0.060556,0.319101,0.003467,0.422915,0.414912,1
0.030839,3.0,0.531915,0.119491,0.576465,0.003467,0.422915,0.414912,1
0.898456,5.0,0.0,0.087186,0.533472,0.005715,0.48291,0.544298,1
0.430025,3.0,0.425532,0.095743,0.588515,0.003467,0.422915,0.414912,1
0.907836,1.0,0.446809,0.045184,0.359119,0.002923,0.270067,0.716228,1
0.023185,4.0,0.510638,0.07959,0.457899,0.003467,0.422915,0.414912,1
0.005177,1.0,0.382979,0.074817,0.603392,0.003467,0.422915,0.414912,1
0.903234,2.0,0.468085,0.087426,0.521273,0.005841,0.545313,0.42807,1
0.881023,1.0,0.297872,0.029663,0.145939,0.000636,0.105645,0.662719,1
0.885492,4.0,0.829787,0.040261,0.571705,0.002775,0.606163,0.353947,1
0.876864,4.0,0.276596,0.034826,0.517554,0.002378,0.591662,0.29693,1
0.907084,5.0,0.723404,0.091149,0.493603,0.00625,0.705593,0.297368,1
0.460511,2.0,0.425532,0.028852,0.540167,0.001944,0.564992,0.464474,1
0.021902,3.0,0.957447,0.074517,0.436328,0.003467,0.422915,0.414912,1
0.424716,1.0,0.638298,0.125465,0.559952,0.003467,0.422915,0.414912,1
0.452281,3.0,0.021277,0.040591,0.550431,0.00273,0.461678,0.710526,1
0.911862,2.0,0.06383,0.044824,0.166766,0.002941,0.33972,0.656579,1
0.911818,1.0,0.404255,0.044944,0.369235,0.0029,0.282237,0.74693,1
0.465156,2.0,0.659574,0.042632,0.441535,0.002995,0.484723,0.083772,1
0.027034,1.0,0.957447,0.113306,0.430378,0.003467,0.422915,0.414912,1
0.867307,6.0,0.553191,0.03984,0.5,0.002692,0.466339,0.48114,1
0.880271,5.0,0.489362,0.040801,0.56025,0.002858,0.498964,0.236404,1
0.88912,3.0,1.0,0.033656,0.492413,0.002256,0.465044,0.530263,1
0.469669,7.0,0.638298,0.045545,0.352722,0.003066,0.394355,0.508333,1
0.907349,4.0,0.851064,0.066681,0.45418,0.004454,0.5145,0.454386,1
0.018274,5.0,0.489362,0.093821,0.508331,0.003467,0.422915,0.414912,1
0.022742,1.0,0.702128,0.090729,0.435436,0.003467,0.422915,0.414912,1
0.474404,2.0,0.595745,0.055542,0.444659,0.003793,0.366132,0.44693,1
0.880536,4.0,0.978723,0.040741,0.468908,0.002655,0.425427,0.630702,1
0.447016,3.0,0.468085,0.069173,0.611425,0.00485,0.58985,0.325,1
0.90788,2.0,0.510638,0.086916,0.571705,0.005773,0.552305,0.485526,1
0.447812,7.0,0.87234,0.043323,0.581375,0.00295,0.376489,0.554825,1
0.884828,3.0,0.297872,0.034676,0.470842,0.002308,0.485241,0.484649,1
0.881288,7.0,0.382979,0.034706,0.371764,0.002239,0.269808,0.710088,1
0.893854,5.0,0.659574,0.077129,0.605028,0.005183,0.765407,0.465789,1
0.915712,5.0,0.744681,0.088807,0.538828,0.00597,0.494562,0.454386,1
0.429096,3.0,0.531915,0.096854,0.548646,0.003467,0.422915,0.414912,1
0.898367,3.0,0.319149,0.080371,0.682237,0.005301,0.639824,0.551754,1
0.473696,7.0,0.446809,0.054972,0.504017,0.003562,0.447954,0.692105,1
0.91142,6.0,0.234043,0.051399,0.39274,0.003373,0.421543,0.610965,1
0.425424,3.0,0.531915,0.168698,0.65903,0.003467,0.422915,0.414912,1
0.464537,2.0,0.446809,0.074276,0.363582,0.004998,0.481616,0.508772,1
0.474094,2.0,0.659574,0.070163,0.695031,0.004749,0.432936,0.630263,1
0.907128,6.0,0.808511,0.090729,0.54091,0.00613,0.732522,0.27807,1
0.026415,1.0,0.702128,0.093431,0.503719,0.003467,0.422915,0.414912,1
0.907261,2.0,0.468085,0.150024,0.505356,0.00983,0.630243,0.496053,1
0.424981,7.0,0.468085,0.080611,0.284737,0.003467,0.422915,0.414912,1
0.876997,7.0,0.234043,0.034106,0.204552,0.002262,0.211807,0.522807,1
0.880979,7.0,0.319149,0.028942,0.302886,0.000845,0.263853,0.838158,1
0.429362,2.0,0.680851,0.074216,0.53258,0.003467,0.422915,0.414912,1
0.455865,1.0,0.957447,0.036808,0.511604,0.001541,0.334024,0.778509,1
0.031769,3.0,0.404255,0.089378,0.310027,0.003467,0.422915,0.414912,1
0.474094,2.0,0.382979,0.040621,0.674353,0.002725,0.44666,0.557895,1
0.889164,4.0,0.744681,0.040261,0.757959,0.002754,0.714397,0.341667,1
0.469758,2.0,0.659574,0.077069,0.621244,0.005251,0.5971,0.366228,1
0.438034,1.0,0.595745,0.073136,0.470544,0.003467,0.422915,0.414912,1
0.022742,1.0,0.765957,0.090729,0.482743,0.003467,0.422915,0.414912,1
0.885049,1.0,0.978723,0.061066,0.420113,0.004071,0.337649,0.529386,1
0.995575,1.0,0.0,0.080911,0.383368,0.005316,0.404454,0.595175,1
0.027123,3.0,0.446809,0.07923,0.496281,0.003467,0.422915,0.414912,1
0.455555,1.0,0.893617,0.037228,0.567093,0.001882,0.419213,0.772807,1
0.486837,4.0,0.510638,0.06569,0.480512,0.004566,0.484205,0.272807,1
0.434007,7.0,0.659574,0.067581,0.29039,0.003467,0.422915,0.414912,1
0.875979,5.0,0.340426,0.047076,0.622136,0.003145,0.538322,0.312281,1
0.907747,6.0,0.340426,0.086406,0.48438,0.00565,0.549974,0.485526,1
0.031769,3.0,0.276596,0.07911,0.156947,0.003467,0.422915,0.414912,1
0.460112,7.0,0.765957,0.030203,0.542844,0.001957,0.366649,0.532456,1
0.912305,5.0,0.723404,0.07854,0.482297,0.005434,0.636976,0.210526,1
0.004867,1.0,0.829787,0.089798,0.662005,0.003467,0.422915,0.414912,1
0.026592,5.0,0.382979,0.120031,0.532282,0.003467,0.422915,0.414912,1
0.44268,2.0,0.87234,0.106971,0.558018,0.00726,0.465303,0.409649,1
0.867528,4.0,0.382979,0.036508,0.607111,0.002399,0.702486,0.399561,1
0.8762,3.0,0.425532,0.028432,0.531092,0.001822,0.55334,0.627193,1
0.03137,1.0,0.382979,0.067371,0.550878,0.003467,0.422915,0.414912,1
0.026769,2.0,0.106383,0.059865,0.157096,0.003467,0.422915,0.414912,1
0.881023,1.0,0.893617,0.028942,0.298423,0.001045,0.313827,0.809649,1
0.902969,3.0,0.382979,0.090999,0.570366,0.006169,0.694459,0.249561,1
0.031592,6.0,0.723404,0.07944,0.314787,0.003467,0.422915,0.414912,1
0.018229,4.0,0.021277,0.054912,0.400625,0.003467,0.422915,0.414912,1
0.031016,7.0,0.574468,0.074817,0.219429,0.003467,0.422915,0.414912,1
0.009734,6.0,0.702128,0.088657,0.594763,0.003467,0.422915,0.414912,1
0.446706,3.0,0.808511,0.123454,0.758405,0.008159,0.617815,0.509211,1
0.876775,2.0,0.723404,0.041942,0.716453,0.002848,0.530554,0.428509,1
0.013583,3.0,0.723404,0.077129,0.504612,0.003467,0.422915,0.414912,1
0.894783,5.0,0.744681,0.145611,0.899137,0.009651,0.795961,0.399123,1
0.894651,2.0,0.702128,0.107482,0.78801,0.006764,0.687727,0.671491,1
0.8762,3.0,0.0,0.030113,0.342755,0.000827,0.268773,0.786842,1
0.018097,1.0,0.446809,0.089258,0.512645,0.003467,0.422915,0.414912,1
0.000221,7.0,0.468085,0.071694,0.337251,0.003467,0.422915,0.414912,1
0.030839,3.0,0.404255,0.119521,0.561886,0.003467,0.422915,0.414912,1
0.885978,1.0,0.042553,0.083974,0.323862,0.005521,0.379855,0.592544,1
0.465422,1.0,0.510638,0.027591,0.326688,0.001624,0.272657,0.721491,1
0.005088,6.0,0.851064,0.075267,0.485719,0.003467,0.422915,0.414912,1
0.442326,1.0,0.829787,0.053321,0.383814,0.003621,0.330399,0.500526,1
0.013008,4.0,0.255319,0.078059,0.395418,0.003467,0.422915,0.414912,1
0.027432,3.0,0.702128,0.099346,0.530794,0.003467,0.422915,0.414912,1
0.005221,2.0,0.212766,0.075958,0.216156,0.003467,0.422915,0.414912,1
0.473298,5.0,0.957447,0.038729,0.454329,0.002646,0.257639,0.418421,1
0.021946,4.0,0.765957,0.074457,0.504165,0.003467,0.422915,0.414912,1
0.47436,1.0,0.531915,0.02612,0.244868,0.001735,0.153547,0.841228,1
0.456263,3.0,0.446809,0.038429,0.598334,0.002422,0.603832,0.499123,1
8.8e-05,4.0,0.234043,0.047106,0.2169,0.003467,0.422915,0.414912,1
0.871776,3.0,0.617021,0.027711,0.52767,0.001739,0.695495,0.610965,1
0.897969,1.0,0.638298,0.083433,0.364029,0.004404,0.40523,0.684649,1
0.469271,5.0,0.340426,0.054551,0.543291,0.003569,0.484982,0.459649,1
0.898102,6.0,0.021277,0.041942,0.45537,0.002732,0.413775,0.686404,1
0.911597,3.0,0.234043,0.067701,0.407766,0.004441,0.443035,0.619298,1
0.429627,1.0,0.297872,0.084995,0.515472,0.003467,0.422915,0.414912,1
0.456086,6.0,0.340426,0.071544,0.677774,0.004593,0.59943,0.446053,1
0.881023,1.0,0.680851,0.028942,0.257513,0.000839,0.243397,0.575,1
0.911862,2.0,1.0,0.054672,0.437072,0.003654,0.419731,0.527632,1
0.482412,3.0,0.510638,0.077999,0.475454,0.00542,0.490161,0.285526,1
0.876864,4.0,0.510638,0.030083,0.554002,0.002059,0.515277,0.387719,1
0.907482,7.0,0.0,0.075838,0.422791,0.005214,0.423615,0.432456,1
0.465466,2.0,0.042553,0.027351,0.166766,0.001855,0.305282,0.460526,1
0.018097,1.0,0.404255,0.093821,0.539274,0.003467,0.422915,0.414912,1
0.894164,5.0,0.361702,0.083463,0.73609,0.005625,0.749353,0.407895,1
0.473209,3.0,0.06383,0.041762,0.223297,0.002838,0.329622,0.474561,1
0.017477,1.0,0.87234,0.121352,0.584945,0.003467,0.422915,0.414912,1
0.907969,4.0,0.085106,0.068632,0.229694,0.004605,0.41999,0.462281,1
0.871776,3.0,0.468085,0.027051,0.561143,0.001685,0.617297,0.710965,1
0.907393,5.0,0.617021,0.084364,0.466379,0.005783,0.540135,0.352632,1
0.447768,6.0,0.553191,0.046295,0.592532,0.003216,0.571983,0.283333,1
0.447901,2.0,0.744681,0.046265,0.84097,0.003095,0.692905,0.366228,1
0.903456,7.0,0.787234,0.065059,0.476198,0.004258,0.362506,0.554386,1
0.017831,2.0,0.787234,0.083373,0.61202,0.003467,0.422915,0.414912,1
0.004469,6.0,0.574468,0.075417,0.339334,0.003467,0.422915,0.414912,1
0.465378,7.0,0.93617,0.028251,0.314043,0.00189,0.267219,0.696053,1
0.880315,6.0,0.978723,0.06578,0.452246,0.00457,0.392284,0.261842,1
0.000885,1.0,0.319149,0.21073,0.572449,0.003467,0.422915,0.414912,1
0.0223,5.0,0.531915,0.089828,0.564713,0.003467,0.422915,0.414912,1
0.022388,7.0,0.744681,0.069143,0.276703,0.003467,0.422915,0.414912,1
0.89881,6.0,0.404255,0.072295,0.60235,0.00473,0.626359,0.496053,1
0.008982,3.0,0.468085,0.125796,0.644154,0.003467,0.422915,0.414912,1
0.474183,4.0,0.276596,0.029873,0.367004,0.002017,0.321336,0.636842,1
0.013716,6.0,0.255319,0.045755,0.214966,0.003467,0.422915,0.414912,1
0.893677,5.0,0.829787,0.034166,0.537489,0.002383,0.614966,0.283333,1
0.894606,1.0,0.851064,0.084604,0.629426,0.005139,0.493527,0.789035,1
0.429362,2.0,0.382979,0.090669,0.564267,0.003467,0.422915,0.414912,1
0.460201,2.0,0.212766,0.027771,0.197114,0.001876,0.206111,0.614474,1
0.872041,2.0,0.744681,0.031194,0.516067,0.000997,0.420508,0.722807,1
0.442281,6.0,0.744681,0.057584,0.487206,0.003467,0.422915,0.414912,1
0.876731,1.0,0.595745,0.037408,0.483487,0.002391,0.487571,0.646491,1
0.889297,7.0,0.723404,0.033956,0.489735,0.002273,0.493268,0.49693,1
0.456219,2.0,0.340426,0.03906,0.569027,0.002671,0.614707,0.465351,1
0.875846,2.0,0.531915,0.03942,0.601309,0.002659,0.61652,0.530263,1
0.42914,4.0,0.340426,0.090068,0.539869,0.003467,0.422915,0.414912,1
0.447856,1.0,0.659574,0.041672,0.468611,0.002655,0.254531,0.758333,1
0.438034,1.0,0.829787,0.0783,0.478578,0.003467,0.422915,0.414912,1
0.429981,2.0,0.787234,0.072985,0.451056,0.003467,0.422915,0.414912,1
0.022698,7.0,0.851064,0.089828,0.388724,0.003467,0.422915,0.414912,1
0.425247,6.0,0.489362,0.074727,0.347516,0.003467,0.422915,0.414912,1
0.465643,6.0,0.297872,0.042963,0.488396,0.002985,0.507509,0.35,1
0.43414,3.0,0.382979,0.09181,0.575275,0.003467,0.422915,0.414912,1
0.473165,2.0,0.510638,0.057674,0.598036,0.003841,0.538322,0.442982,1
0.433388,7.0,0.851064,0.051849,0.320292,0.003467,0.422915,0.414912,1
0.017875,3.0,0.255319,0.093011,0.373103,0.003467,0.422915,0.414912,1
0.43383,3.0,0.638298,0.055842,0.570068,0.003467,0.422915,0.414912,1
0.495686,6.0,0.382979,0.064819,0.507141,0.004468,0.510098,0.333772,1
0.894828,6.0,0.808511,0.086466,0.809729,0.005681,0.66028,0.546053,1
0.885359,1.0,0.510638,0.337336,0.403303,0.002009,0.251424,0.64693,1
0.438211,5.0,0.531915,0.076468,0.50119,0.003467,0.422915,0.414912,1
0.45144,5.0,0.851064,0.107992,0.793514,0.007245,0.600207,0.660526,1
0.889739,3.0,0.787234,0.075177,0.852425,0.00516,0.74754,0.323246,1
0.903234,2.0,0.702128,0.087426,0.52291,0.00587,0.564215,0.396053,1
0.013539,2.0,0.021277,0.098925,0.510414,0.003467,0.422915,0.414912,1
0.876554,4.0,0.553191,0.034286,0.599524,0.002204,0.571207,0.688158,1
0.000442,5.0,0.234043,0.121713,0.246504,0.003467,0.422915,0.414912,1
0.009292,3.0,0.638298,0.106611,0.593573,0.003467,0.422915,0.414912,1
0.005133,7.0,0.638298,0.071815,0.337995,0.003467,0.422915,0.414912,1
0.451396,4.0,0.87234,0.047946,0.704999,0.003174,0.575867,0.629386,1
0.455909,2.0,0.659574,0.062898,0.584796,0.004414,0.674521,0.194298,1
0.438786,4.0,0.553191,0.067131,0.518596,0.003467,0.422915,0.414912,1
0.902792,6.0,1.0,0.088687,0.494347,0.005847,0.496116,0.589912,1
0.442812,5.0,0.510638,0.068212,0.489438,0.004815,0.505179,0.500526,1
0.893677,5.0,0.042553,0.041672,0.414311,0.002665,0.422579,0.677193,1
0.893545,5.0,0.744681,0.138405,0.859566,0.009273,0.758933,0.425,1
0.902836,7.0,0.531915,0.086826,0.400922,0.005368,0.33972,0.76886,1
0.430069,4.0,0.361702,0.097244,0.56382,0.003467,0.422915,0.414912,1
0.434406,2.0,0.957447,0.05209,0.443767,0.003467,0.422915,0.414912,1
0.893589,6.0,0.234043,0.125766,0.379946,0.004125,0.368462,0.817982,1
0.429804,5.0,0.595745,0.077339,0.618268,0.003467,0.422915,0.414912,1
0.01376,7.0,0.638298,0.068452,0.306159,0.003467,0.422915,0.414912,1
0.031592,6.0,0.489362,0.067972,0.335912,0.003467,0.422915,0.414912,1
0.890359,3.0,0.021277,0.071634,0.588218,0.002192,0.473071,0.668421,1
0.474271,6.0,0.893617,0.032725,0.328176,0.002173,0.120922,0.852632,1
0.434229,5.0,0.446809,0.152666,0.519191,0.003467,0.422915,0.414912,1
0.876908,5.0,0.361702,0.033866,0.549985,0.002418,0.533661,0.376316,1
0.013805,1.0,0.787234,0.133391,0.911336,0.003467,0.422915,0.414912,1
0.871422,2.0,0.191489,0.045875,0.234603,0.000848,0.299586,0.754825,1
0.442635,1.0,0.87234,0.075838,0.474561,0.00522,0.316934,0.466667,1
0.902659,3.0,0.489362,0.090459,0.524398,0.006053,0.589591,0.404386,1
0.446662,2.0,0.723404,0.098715,0.716453,0.00666,0.69653,0.504386,1
0.464316,4.0,0.617021,0.029512,0.426807,0.002038,0.472035,0.332456,1
0.031061,1.0,0.659574,0.101777,0.52291,0.003467,0.422915,0.414912,1
0.005133,7.0,0.553191,0.069893,0.385004,0.003467,0.422915,0.414912,1
0.447547,1.0,0.93617,0.041912,0.498066,0.002773,0.327033,0.597807,1
0.447768,6.0,0.978723,0.043203,0.593127,0.002784,0.493268,0.535526,1
0.877085,2.0,0.425532,0.047346,0.588218,0.003328,0.50233,0.180702,1
0.46905,7.0,0.553191,0.041281,0.34216,0.002725,0.261005,0.572807,1
0.424893,5.0,0.914894,0.085985,0.350491,0.003467,0.422915,0.414912,1
0.903146,7.0,0.957447,0.07902,0.343499,0.005301,0.304505,0.514035,1
0.460599,4.0,0.638298,0.030623,0.477685,0.002069,0.477214,0.543421,1
0.902792,6.0,0.531915,0.087607,0.523505,0.00569,0.547126,0.603947,1
0.880404,1.0,0.702128,0.035427,0.346921,0.002181,0.246763,0.756579,1
0.907836,1.0,0.659574,0.041131,0.297828,0.002713,0.251165,0.626316,1
0.022388,7.0,0.468085,0.070464,0.291729,0.003467,0.422915,0.414912,1
0.00969,5.0,0.659574,0.092861,0.588218,0.003467,0.422915,0.414912,1
0.009247,2.0,0.553191,0.103759,0.615293,0.003467,0.422915,0.414912,1
0.429848,6.0,0.234043,0.072535,0.189973,0.003467,0.422915,0.414912,1
0.027432,3.0,0.425532,0.080131,0.545373,0.003467,0.422915,0.414912,1
0.44737,4.0,0.787234,0.076858,0.848259,0.005436,0.654324,0.377632,1
0.89912,6.0,0.87234,0.084724,0.558167,0.005771,0.502848,0.39386,1
0.894341,2.0,0.638298,0.093431,0.702172,0.006009,0.694459,0.504386,1
0.442326,1.0,0.808511,0.057314,0.413716,0.003889,0.350078,0.500526,1
0.87151,4.0,0.659574,0.060586,0.7831,0.003918,0.691869,0.538158,1
0.473165,2.0,0.829787,0.044794,0.519637,0.003062,0.379078,0.403509,1
0.876598,5.0,0.404255,0.030593,0.567539,0.001961,0.562921,0.639035,1
0.893766,3.0,0.723404,0.090219,0.724189,0.006064,0.642413,0.486404,1
0.995575,1.0,0.361702,0.081152,0.406129,0.00376,0.243397,0.809649,1
0.469802,3.0,0.276596,0.080881,0.462809,0.005561,0.539617,0.362281,1
0.030751,1.0,0.553191,0.111865,0.587325,0.003467,0.422915,0.414912,1
0.893854,5.0,0.489362,0.078179,0.632401,0.005233,0.765665,0.415351,1
0.867793,3.0,0.382979,0.033295,0.64698,0.00216,0.531331,0.566667,1
0.45175,5.0,1.0,0.056893,0.63493,0.003853,0.525375,0.548246,1
0.474094,2.0,0.617021,0.06605,0.700684,0.004468,0.41507,0.672368,1
0.451617,2.0,0.042553,0.041011,0.365665,0.002696,0.467633,0.678947,1
0.446971,2.0,0.787234,0.094182,0.689081,0.006437,0.43449,0.469737,1
0.005088,6.0,0.489362,0.075267,0.443469,0.003467,0.422915,0.414912,1
0.017698,6.0,0.361702,0.090219,0.471288,0.003467,0.422915,0.414912,1
0.425556,6.0,0.829787,0.076258,0.311217,0.003467,0.422915,0.414912,1
0.894252,7.0,0.404255,0.087066,0.656055,0.004931,0.493527,0.737281,1
0.903588,3.0,0.702128,0.090609,0.541654,0.005831,0.465303,0.633772,1
0.469581,5.0,0.553191,0.05263,0.548646,0.00349,0.49767,0.429386,1
0.889297,7.0,0.021277,0.029723,0.473073,0.001865,0.360176,0.612281,1
0.009778,7.0,0.680851,0.076018,0.42532,0.003467,0.422915,0.414912,1
0.018406,1.0,0.595745,0.073226,0.43499,0.003467,0.422915,0.414912,1
0.889341,1.0,0.893617,0.036418,0.465189,0.002009,0.360435,0.659649,1
0.455776,6.0,0.851064,0.075537,0.632252,0.005305,0.521491,0.223684,1
0.890005,2.0,0.680851,0.096583,0.684469,0.00673,0.667271,0.436842,1
0.425379,2.0,0.340426,0.114087,0.546712,0.003467,0.422915,0.414912,1
0.459891,2.0,0.106383,0.027951,0.185808,0.001624,0.285603,0.746491,1
0.030795,2.0,0.297872,0.098024,0.472627,0.003467,0.422915,0.414912,1
0.027211,5.0,0.212766,0.093371,0.283398,0.003467,0.422915,0.414912,1
0.460157,1.0,0.978723,0.027231,0.383814,0.001816,0.363801,0.481579,1
0.424627,6.0,0.446809,0.074817,0.333234,0.003467,0.422915,0.414912,1
0.898589,1.0,0.765957,0.130689,0.732966,0.008369,0.506732,0.496491,1
0.001018,4.0,0.021277,0.084664,0.487504,0.003467,0.422915,0.414912,1
0.868059,2.0,0.829787,0.032064,0.360756,0.000841,0.223977,0.757456,1
0.898677,3.0,0.340426,0.096013,0.614252,0.006444,0.66261,0.392105,1
0.430069,4.0,0.93617,0.070584,0.443916,0.003467,0.422915,0.414912,1
0.903234,2.0,0.446809,0.087426,0.531092,0.005835,0.543501,0.445614,1
0.451042,3.0,0.425532,0.047076,0.75424,0.003245,0.657949,0.370175,1
0.898146,5.0,0.617021,0.153447,0.669741,0.009784,0.607457,0.705702,1
0.452369,5.0,0.06383,0.050919,0.488991,0.003544,0.476437,0.475877,1
0.912039,6.0,0.93617,0.084514,0.452246,0.005525,0.310461,0.635965,1
0.442768,4.0,0.574468,0.083824,0.480512,0.00576,0.542465,0.392982,1
0.442547,6.0,0.87234,0.084814,0.524546,0.005577,0.476955,0.500526,1
0.429229,6.0,0.851064,0.083884,0.397352,0.003467,0.422915,0.414912,1
0.867263,5.0,0.489362,0.035757,0.49152,0.002432,0.425427,0.480263,1
0.876466,2.0,0.489362,0.032605,0.588367,0.002002,0.482393,0.747368,1
0.438963,1.0,0.191489,0.053621,0.106962,0.003467,0.422915,0.414912,1
0.86797,7.0,0.425532,0.050468,0.468759,0.003203,0.327292,0.808333,1
0.442989,2.0,0.468085,0.064729,0.594912,0.004333,0.488348,0.587719,1
0.433919,5.0,0.638298,0.057043,0.522166,0.003467,0.422915,0.414912,1
0.889916,7.0,0.787234,0.342861,0.694882,0.02297,0.544537,0.532895,1
0.424893,5.0,0.148936,0.076138,0.097292,0.003467,0.422915,0.414912,1
0.013451,7.0,0.829787,0.085235,0.571705,0.003467,0.422915,0.414912,1
0.03137,1.0,0.723404,0.114987,0.550729,0.003467,0.422915,0.414912,1
0.456705,6.0,0.340426,0.037919,0.619012,0.002572,0.573019,0.532018,1
0.433388,7.0,0.978723,0.049838,0.259744,0.003467,0.422915,0.414912,1
0.018318,6.0,0.659574,0.054732,0.301845,0.003467,0.422915,0.414912,1
0.473696,7.0,0.702128,0.044554,0.458346,0.002929,0.380891,0.833333,1
0.022742,1.0,0.255319,0.085865,0.291729,0.003467,0.422915,0.414912,1
0.473829,3.0,0.87234,0.030413,0.419964,0.001969,0.379855,0.752193,1
0.03199,1.0,0.808511,0.063408,0.260488,0.003467,0.422915,0.414912,1
0.876156,5.0,0.255319,0.080731,0.344094,0.005355,0.407302,0.505263,1
0.447679,4.0,0.617021,0.066561,0.610979,0.004749,0.673485,0.251316,1
0.474271,6.0,0.659574,0.030473,0.355549,0.002034,0.114448,0.834211,1
0.000885,1.0,0.851064,0.190165,0.582118,0.003467,0.422915,0.414912,1
0.876067,7.0,0.446809,0.031344,0.388575,0.001608,0.333506,0.803947,1
0.465245,4.0,0.978723,0.050408,0.451354,0.003523,0.426463,0.200877,1
0.013539,2.0,0.382979,0.119491,0.605177,0.003467,0.422915,0.414912,1
0.022964,6.0,0.957447,0.089738,0.310324,0.003467,0.422915,0.414912,1
0.474138,3.0,0.361702,0.049928,0.534662,0.003373,0.411704,0.574123,1
0.446839,6.0,0.446809,0.043653,0.583755,0.002989,0.519161,0.596053,1
0.473298,5.0,0.829787,0.028612,0.484677,0.001936,0.396427,0.428947,1
